wavelength,300,600
350.0,,
360.0,,
370.0,,
380.0,,
390.0,,
400.0,,
420.0,,
440.0,,
460.0,,
480.0,,
500.0,,
525.0,,
550.0,,
575.0,,
586.58948,18.987927425088586,
587.01025,18.74884903425529,
587.43097,18.49572950769967,
587.85175,18.180990580440866,
588.2724599999999,18.020197412835593,
588.69318,17.767466212798748,
589.1138900000001,17.69799637022878,
589.5346099999999,17.538088193091607,
589.95532,17.41633148483409,
590.37604,17.199223034363328,
590.79669,16.89296651430046,
591.21735,16.82828425020242,
591.63806,16.71719298300207,
592.05872,16.535938617036155,
592.47937,16.35466706547963,
592.89996,16.185396181460366,
593.32062,16.1083019201596,
593.74127,15.948026407553531,
594.16187,15.703484301833154,
594.58246,15.558665014222491,
595.00305,15.41603865755088,
595.42365,15.309601044236622,
595.84424,15.115835063944925,
596.26477,15.0216697688482,
596.68536,14.858743893784526,
597.1059,14.706739401235861,
597.52643,14.505849699118327,
597.94696,14.426286244953436,
598.3674900000001,14.231879064655473,
598.7880200000001,14.168467736281997,
599.2085599999999,14.031992118046682,
599.62903,13.835944306406208,
600.0,13.86034817295258,
600.0495,13.854360006507253,
600.47003,13.633832854185613,
600.8905,13.490490984177226,
601.3109099999999,13.336407335850508,
601.73138,13.209874978885077,
602.1518599999999,13.019747248465166,
602.57227,12.916464978964031,
602.99268,12.737359288523592,
603.41309,12.595833267946162,
603.8335,12.497415865036276,
604.25391,12.26705185933121,
604.67432,12.188923742071726,
605.0946700000001,12.084641134445313,
605.51508,11.88642806770619,
605.93542,11.754515614726401,
606.35577,11.559019668302222,
606.77612,11.523767886064265,
607.19641,11.359538886889101,
607.61676,11.238550300367036,
608.03705,11.083619398426826,
608.4574,10.958168132629629,
608.87769,10.82580571318093,
609.29797,10.705780486120801,
609.7182,10.583408486587158,
610.13849,10.418579467519486,
610.55872,10.365403010117216,
610.979,10.209178631242663,
611.39923,10.0719728888561,
611.8194599999999,9.953645882673815,
612.23969,9.848304616219073,
612.65985,9.711278406784828,
613.08008,9.605016152403278,
613.5002400000001,9.523732091844222,
613.92041,9.393715838080613,
614.3405799999999,9.262576137661725,
614.76074,9.16376944997199,
615.1809099999999,9.060884640463039,
615.60107,8.928596587428352,
616.02118,8.850103020459965,
616.44128,8.757830002995,
616.86139,8.60758586105846,
617.2814900000001,8.491559111432283,
617.7016,8.404575580264424,
618.1216400000001,8.283095908088038,
618.54175,8.206772536359354,
618.9617900000001,8.091471776279278,
619.38184,8.002283854553855,
619.80188,7.8899965306401745,
620.2219200000001,7.805676236332111,
620.6419099999999,7.714059081221905,
621.0618900000001,7.60584678746983,
621.48193,7.520692342404634,
621.90192,7.42251098738589,
622.3219,7.329688548704046,
622.7418200000001,7.253639507961764,
623.1618,7.15352258815833,
623.58173,7.087804384336174,
624.00165,6.990208324573179,
624.42157,6.892044256392673,
624.84149,6.837226072471104,
625.26141,6.765140606411109,
625.6813400000001,6.6694154579927565,
626.1012,6.613445167636623,
626.5210599999999,6.5234403828293726,
626.94092,6.462048017604101,
627.36078,6.371839778384453,
627.7806400000001,6.297152476765923,
628.2004400000001,6.2481157960586176,
628.6202400000001,6.183945947505563,
629.0400400000001,6.105666758082348,
629.45984,6.030310939685663,
629.87964,5.982224474770653,
630.29944,5.902032175260645,
630.7191799999999,5.864045460964522,
631.13892,5.798099785880685,
631.55872,5.75223913801164,
631.97839,5.679970676814081,
632.39813,5.637088975852424,
632.81787,5.563202953684558,
633.23755,5.518602496433657,
633.65723,5.454398538214287,
634.0769,5.417329819572387,
634.49658,5.374118430356311,
634.91626,5.29682898036206,
635.33588,5.25485473555422,
635.75549,5.213425415883203,
636.17517,5.159527266168177,
636.59473,5.105135547435475,
637.0143400000001,5.049716177675672,
637.43396,5.020110730083856,
637.85352,4.9684160985103425,
638.2730700000001,4.90283498511426,
638.69263,4.876342173723175,
639.11218,4.827922183295367,
639.53174,4.778907848296286,
639.95123,4.737659954281322,
640.37079,4.6990622875352175,
640.7902799999999,4.647556560896945,
641.20978,4.606253396110089,
641.62921,4.574160451894865,
642.0487099999999,4.527244793693171,
642.4681400000001,4.483487708324028,
642.88757,4.450167744344178,
643.30701,4.409277320390246,
643.72644,4.36543862988451,
644.1458700000001,4.337168449981543,
644.56525,4.287292625987793,
644.9846200000001,4.26384872369069,
645.40399,4.215180190038485,
645.82336,4.184613664797008,
646.24274,4.144033535844884,
646.66205,4.115328607123231,
647.08142,4.078422165251114,
647.50073,4.049669674164746,
647.9200400000001,4.017562571622854,
648.33929,3.97911601417075,
648.75861,3.952788531143618,
649.17786,3.917647050024015,
649.5971099999999,3.890547272561671,
650.0,3.8777833218975353,
650.01636,3.864490355767811,
650.43561,3.8257468936919223,
650.8548,3.7991172296274103,
651.27405,3.7670633854383326,
651.6932400000001,3.739972674419317,
652.11243,3.706713340890503,
652.53162,3.6847790354907364,
652.95074,3.6510837581964655,
653.36987,3.637834394386327,
653.78906,3.5912540162150495,
654.2081900000001,3.5670243922619,
654.62726,3.5444359575762316,
655.0463900000001,3.518438829744053,
655.46545,3.4964047063669,
655.88458,3.4650427954531655,
656.30365,3.4395155078462993,
656.72266,3.418253109079224,
657.14172,3.3911331134866582,
657.56073,3.3638766090557306,
657.97974,3.3414977990698222,
658.3987400000001,3.319681399367229,
658.81775,3.2982532096952015,
659.23676,3.2778826942079013,
659.6557,3.258318542412772,
660.07465,3.233830197449371,
660.49359,3.212591432365251,
660.91254,3.1865315513588692,
661.3314799999999,3.167857400031494,
661.75037,3.146727685872874,
662.16925,3.126115071582621,
662.58813,3.1082488383529085,
663.00702,3.089753024560313,
663.42584,3.0691927110785873,
663.84473,3.0500745138134975,
664.26355,3.029962721781858,
664.68237,3.0069226701604244,
665.10114,2.9896917192142025,
665.51996,2.9795161158200867,
665.93872,2.959901124432613,
666.35748,2.94329076872317,
666.77625,2.9182736202542707,
667.1950099999999,2.899412467206383,
667.61371,2.8880239579637044,
668.03247,2.8710095708589183,
668.45117,2.8542048511045457,
668.86987,2.8283057726664405,
669.28851,2.818574283105802,
669.7072099999999,2.804229673624828,
670.12585,2.7823646950899468,
670.54449,2.7657125896825874,
670.96313,2.7439943302593504,
671.38171,2.7291956343467527,
671.80035,2.713294524240022,
672.21893,2.6945138853055774,
672.6375099999999,2.680155838698309,
673.05603,2.6599574671097876,
673.47461,2.6516866934743364,
673.8931299999999,2.6245296175334047,
674.31165,2.6118233145567995,
674.73016,2.596926392299122,
675.14868,2.5761960353562747,
675.56714,2.562918693810354,
675.9856,2.5446710097213714,
676.40405,2.529227377126874,
676.82251,2.5161218738362976,
677.2409700000001,2.499708853007534,
677.65936,2.488879660497661,
678.07776,2.4700439593371195,
678.49615,2.45369742318344,
678.91455,2.438707928991248,
679.33289,2.423666481683855,
679.75122,2.408548704196304,
680.1695599999999,2.3908173429075092,
680.58789,2.3730279426873175,
681.00623,2.3581508078435043,
681.4245,2.3436932702627353,
681.84277,2.326306374490625,
682.26105,2.3085850194325497,
682.6793200000001,2.293418241398713,
683.09753,2.280672921035572,
683.51581,2.2594005382761333,
683.93402,2.245894844110013,
684.35223,2.2287400676098255,
684.77039,2.212789060263756,
685.18854,2.195183881158089,
685.60675,2.1842520683746467,
686.0249,2.169895705739389,
686.44299,2.1541014529771356,
686.86115,2.141989214636356,
687.2792400000001,2.1241478371734805,
687.69733,2.1118992338868368,
688.11542,2.100224807528411,
688.53345,2.085104691221644,
688.95148,2.0701363681129923,
689.3695700000001,2.0570594330739342,
689.78754,2.04309794332903,
690.20557,2.0306801257263762,
690.62354,2.0161699349573627,
691.04156,2.000239350107655,
691.45953,1.9884526103916473,
691.8774400000001,1.9710124232590844,
692.29541,1.9587797384820071,
692.7133200000001,1.9440852346802244,
693.13123,1.9299536961799877,
693.54913,1.915614766704178,
693.96698,1.903943009028105,
694.38489,1.8929239961168736,
694.80273,1.879438477021631,
695.2205799999999,1.8678243871642206,
695.63837,1.8545191308915523,
696.05621,1.8473864294207136,
696.4739999999999,1.8332141250823812,
696.8917799999999,1.8250431305595873,
697.3095099999999,1.8093204775054723,
697.72729,1.7998176781328414,
698.14502,1.791157221789566,
698.5627400000001,1.7806257262114773,
698.98047,1.766809057912301,
699.21387,1.7640920444991444,0.7368305192614516
699.39813,1.7613913598584092,0.7373433319230801
699.41364,1.7612765928384342,0.7378553438810477
699.61334,1.7611621785597418,0.7389343450511328
699.81305,1.7610481153985793,0.7400450965522457
699.8158,1.7609344017411446,0.74008119223574
700.0,1.761944543253124,0.7406418828847758
700.01282,1.7615386802055275,0.7406072030214016
700.21252,1.7595656879258743,0.7407656255454844
700.2334599999999,1.7575997089995834,0.7407208184115734
700.41223,1.753815804232731,0.7406760758623266
700.6118799999999,1.7500531189106712,0.7397999053507417
700.65112,1.746311475040341,0.7403440820969676
700.8115799999999,1.7431107353628634,0.740888341157984
701.01129,1.7399259000828917,0.7403228006741588
701.06879,1.7367568509513702,0.7407816806990151
701.21094,1.7341561065525934,0.7412405251811198
701.41058,1.731566543182302,0.7416160461706286
701.48639,1.7289880888915332,0.7414388716599779
701.61023,1.726203901822665,0.7412620142233214
701.80988,1.7234323023461005,0.7407007439250709
701.90399,1.7206732052897031,0.7406377712446571
702.0095200000001,1.7176623279953696,0.7405748917618202
702.20917,1.7146658911998467,0.7402982755996387
702.32159,1.711683791264335,0.7404722085625828
702.40881,1.708962758763854,0.7406459956613766
702.6084,1.7062539027771741,0.7393583141739147
702.73914,1.7035571417526336,0.7397037520937614
702.8079799999999,1.7013280923855636,0.7400490614699387
703.00763,1.6991077646398738,0.738302957199209
703.15674,1.6968961074277598,0.7394250047658995
703.2072099999999,1.6926206067149918,0.7405489997646127
703.4068,1.6883721207340983,0.7392215291891154
703.5742799999999,1.6841503942527298,0.7391080355568759
703.60632,1.681933867761896,0.738994724249638
703.8059099999999,1.6797260363928166,0.7388379306981655
703.9918200000001,1.67752684908104,0.739030489762975
704.00549,1.6752835715254037,0.7392228991784621
704.20502,1.6730491828112561,0.737317730579571
704.40454,1.6708236302108772,0.7369059153651112
704.4093,1.6686068614127587,0.7376729479454971
704.60406,1.665188453644805,0.7384405831955865
704.80359,1.6617884176289865,0.7378205954696101
704.8268400000001,1.6584066056576212,0.7376072075342377
705.00311,1.655515643887475,0.7373942183793756
705.2026400000001,1.6526384560142686,0.7373153868180831
705.24432,1.6497749438339937,0.737518043737397
705.4021,1.6462042155976904,0.7377205506170255
705.60162,1.6426534813033498,0.7375413722106765
705.6618,1.639122573488646,0.7377784080003157
705.80109,1.636162451390827,0.7380152909161253
706.00055,1.6332167872259937,0.737261043349375
706.07922,1.630285475328273,0.7366463719512579
706.2000099999999,1.6288856282449629,0.7360335120209126
706.3994799999999,1.627489974971962,0.736865744022458
706.4967,1.6260984966910665,0.7367159770178817
706.5989400000001,1.6222800152982375,0.7365664627249091
706.79834,1.6184842821932142,0.7364392732929141
706.91412,1.6147110946981442,0.736261299448455
706.9978,1.6123471227844282,0.7360836391163555
707.1972,1.6099930715568922,0.7359351666078953
707.33154,1.6076488786963117,0.7361813863308363
707.39661,1.6047576397911718,0.7364274561687486
707.59607,1.6018804509846842,0.7359136840715551
707.74896,1.5990172101095128,0.7356163666287191
707.79541,1.5958201109783843,0.735319667764981
707.9948099999999,1.5926398183883521,0.7358402419464887
708.16632,1.589476200163651,0.7357227811663826
708.19421,1.587599084882014,0.7356055072130404
708.39355,1.5857287756290341,0.7353628118174185
708.58368,1.5838652354558351,0.7352187554811903
708.59296,1.5819658867310507,0.7350749383507331
708.7923,1.5800734889912091,0.734958578301023
708.9916400000001,1.5781880041485636,0.7346847133802982
709.00104,1.576309394393127,0.734225506184197
709.19098,1.5741975610844323,0.7337674530858593
709.39032,1.572094040623952,0.7334903363914284
709.4184,1.5699987840250742,0.7334109666207609
709.5896,1.56682222883056,0.733331714308974
709.78894,1.563662489920506,0.733349696598562
709.83569,1.5605194341124886,0.7329687932879857
709.9882200000001,1.5591485449106248,0.7325887652250769
710.18756,1.5577817859664238,0.7325695218273026
710.2529900000001,1.5564191386423096,0.7328861325873417
710.38684,1.5530594049537425,0.7332026179657164
710.58612,1.5497183453031198,0.7317056277260364
710.67029,1.5463958044311479,0.7311406046510974
710.78534,1.544406236764749,0.7305771619824749
710.9846200000001,1.5424242712359197,0.7313055997564929
711.0875900000001,1.5404498643560958,0.7310247980696111
711.1839,1.5383586948265737,0.7307445637724558
711.38312,1.5362758060175887,0.7309740160667834
711.50482,1.5342011488406984,0.7309347180525049
711.58234,1.5322559079655405,0.7308954734582728
711.78156,1.5303180184206775,0.730354907115051
711.9221200000001,1.5283874386121874,0.7304883628176526
711.98077,1.5249509025055772,0.7306217004307114
712.1799900000001,1.5215340487501623,0.7306595724692049
712.3393599999999,1.5181367087363054,0.7304037220619315
712.37921,1.5161342349198381,0.7301483695729464
712.5783700000001,1.5141395231979555,0.7296904664947956
712.75653,1.5121525285261987,0.7298354553711309
712.77759,1.5104232065187833,0.7299803212544512
712.97675,1.508699979703821,0.7289690539916622
713.17377,1.506982815913201,0.7292137184407973
713.1759,1.5046756300160409,0.7294582428264653
713.37506,1.5023783501623542,0.7289115939811583
713.57422,1.500090912690504,0.7280893273829115
713.59094,1.497813254483188,0.7280760109564764
713.77338,1.4965376383070166,0.7280627115236202
713.97247,1.4952657693224587,0.727358927284902
714.00812,1.493997631042363,0.7276961830849827
714.1716299999999,1.491691816580487,0.7280333339062812
714.37073,1.4893959467885398,0.7269829407723266
714.42529,1.4871099574699063,0.727081955186783
714.56982,1.485224449967147,0.7271808742402122
714.76892,1.4833460360793287,0.7258098554158653
714.84241,1.4814746758504498,0.7264839589411549
714.96802,1.4784499342635873,0.7271584824731269
715.16705,1.47544122251385,0.7261021151458384
715.2595200000001,1.4724484135110747,0.7260644085162069
715.36615,1.4703928392284304,0.7260267521924074
715.56519,1.468345513427849,0.7264244577679925
715.67664,1.4663063865602408,0.725459306206732
715.76428,1.463262905317208,0.7244978966006953
715.9633200000001,1.4602357446290033,0.7258380990549971
716.09375,1.4572247735691202,0.7253826028305898
716.16235,1.4554086803852144,0.7249282353018346
716.36133,1.453599325020632,0.7253188322738922
716.5108,1.4517966700482048,0.7250338286945006
716.56036,1.4491712218683293,0.7247493973509759
716.7594,1.4465584457694758,0.7244935806120173
716.92786,1.4439582502272494,0.7241262409154109
716.9583700000001,1.4415111539193064,0.7237597215420037
717.15735,1.4390753098942526,0.723917055519695
717.3449099999999,1.4366506407194355,0.7243601734197884
717.35632,1.4357180589407237,0.7248032928751672
717.5553,1.434787821243939,0.7236120607780715
717.75427,1.4338599188022585,0.7230502039884111
717.7619599999999,1.43293434283312,0.7235043627611333
717.95325,1.4302563701378548,0.7239585390052268
718.15216,1.427591625290673,0.7229601550800685
718.17902,1.4249400105245869,0.7230701930785466
718.35107,1.4227611887377851,0.7231801309270167
718.5499900000001,1.420591651371243,0.7214981655594147
718.59601,1.4184313392068146,0.7217238229173418
718.74896,1.416449304649495,0.7219493477575092
718.94781,1.4144751919347347,0.7215819143014227
719.013,1.4125089536639437,0.721406641319153
719.1467299999999,1.4100958370704995,0.7212316653263542
719.34564,1.4076938538312118,0.7209658774656684
719.42993,1.4053029270747672,0.7206669596316562
719.54449,1.4031688025076376,0.7203686500405649
719.74335,1.4010437135566152,0.7196872037406667
719.8469200000001,1.3989276029594195,0.7196287067201457
719.9422599999999,1.3967827761207152,0.7195702896953435
720.1411099999999,1.3946470877576043,0.7188920590379935
720.26385,1.392520479589714,0.7188762773609985
720.3399,1.3903756904052549,0.7188605153623784
720.5387599999999,1.3882400648956938,0.7188953645936724
720.68079,1.386113544458117,0.7185332378581409
720.73761,1.383414312029093,0.7181719099936089
720.9364,1.380728792567534,0.7185932972515107
721.09766,1.3780568818387962,0.718528568689926
721.1351900000001,1.376277130051376,0.7184639293614717
721.33398,1.3745040933893304,0.7178852585595272
721.51459,1.3727377339192808,0.7178481520087318
721.53278,1.3715185534219103,0.7178110936888696
721.73157,1.3703029907365156,0.7168173120730911
721.93036,1.3690910297836416,0.7167456570701641
721.93146,1.3678826545789777,0.7171020005700377
722.12909,1.3651953269184007,0.7174582725512599
722.32782,1.362521724807656,0.7163440110748944
722.34833,1.3598617433595486,0.7160008876259268
722.52661,1.358284957383642,0.715658501012124
722.7253400000001,1.3567136950918564,0.7153579957496892
722.7651400000001,1.355147927509678,0.7153506858256932
722.92407,1.3527241640842216,0.7153433847459209
723.12274,1.3503119211982306,0.7149835186570551
723.18201,1.347911116907971,0.714999368531974
723.32147,1.346316138087719,0.7150152002886574
723.5201400000001,1.3447268154818666,0.7136541042525003
723.59882,1.343143119056033,0.7136826499341368
723.71887,1.340921848823836,0.7137111640612904
723.91754,1.3387105316850245,0.7125301374642974
724.0155599999999,1.3365091008922367,0.7121511911802794
724.1162099999999,1.3346054344142007,0.7117730953928215
724.31482,1.3327094246419349,0.7105281784245274
724.43237,1.3308210254742838,0.7107620769466547
724.51349,1.3289928395616737,0.7109958529916685
724.7121599999999,1.3271718186774737,0.7092913550469553
724.84912,1.3253579207822808,0.7087789940419811
724.9107700000001,1.3232854326964194,0.7082679754705558
725.10938,1.3212218466207946,0.7080350250636852
725.2658700000001,1.3191671053227791,0.7070371126238338
725.3079799999999,1.3171286932897965,0.70604317864685
725.5065900000001,1.315098957655027,0.7059879902251591
725.68262,1.3130778431401364,0.7052309101446579
725.7052,1.3112890981420264,0.7044763386411678
725.90375,1.3095073116205913,0.7027993906626758
726.09937,1.3077324430504342,0.7024096950987682
726.10236,1.3063524315984105,0.7020208877175346
726.3009,1.3049769420006603,0.7013615030776645
726.49945,1.3036059520685401,0.7002270312021651
726.51605,1.3022394397583417,0.7002139926280118
726.698,1.3004070648282609,0.7002009697938066
726.89655,1.298581972924927,0.6999455523582285
726.9327400000001,1.2967641207133707,0.6998951933037402
727.09509,1.2956145207142236,0.6998449002997027
727.29358,1.2944682955227362,0.6998832301015621
727.34943,1.293325430299878,0.7001463116922781
727.49207,1.290556886260194,0.7004092840617338
727.69061,1.287803375186951,0.6995469849623929
727.76605,1.2850647749700168,0.7000384113961049
727.8891,1.2837480880046241,0.7005299555939233
728.08752,1.2824356233289957,0.7003479509301374
728.18268,1.2811273606658835,0.7002647312082649
728.2860099999999,1.2791488382204887,0.700181627915971
728.4845,1.2771787042585416,0.7004367489199584
728.5993,1.2752169055450127,0.7010075929487526
728.68292,1.2737833311078766,0.7015787044900594
728.88135,1.2723546323935344,0.7010792320476944
729.01593,1.2709307845700186,0.7010431895175201
729.07977,1.2689055298991072,0.7010071924172513
729.2782,1.2668890518770362,0.7006337914160653
729.4325,1.2648812935753955,0.7002691026162267
729.47662,1.2632738191507087,0.6999052141224287
729.67505,1.2616722750568083,0.7004897473252621
729.84912,1.2600766285366547,0.7005498567854541
729.8734099999999,1.2584317271996657,0.700609907189925
730.07178,1.2567930041631914,0.6997671558112231
730.26563,1.255160424683649,0.7003569257001636
730.2702,1.2544409948359598,0.7009470095288688
730.4685099999999,1.25372321598911,0.6995426633242163
730.66687,1.2530070824663546,0.700409024313478
730.68219,1.2522925886169445,0.7001408045012744
730.86523,1.2505627154431413,0.6998730979144568
731.06354,1.2488395934111622,0.6991897539011577
731.09869,1.2471231830766543,0.6993793555962999
731.2619,1.2451506108978345,0.6995688424630043
731.46021,1.2431865198109813,0.6988896635066129
731.51526,1.2412308552366291,0.699512940829748
731.65851,1.2401048353059423,0.7001366151346946
731.85681,1.2389821418307523,0.6993637772339482
731.9317,1.2378627600924221,0.6995260426114269
732.05511,1.2364356517052162,0.6996881976635646
732.2533599999999,1.2350134550920582,0.698955614125129
732.34821,1.2335961449387396,0.6989990643588575
732.4516,1.2319746545527481,0.6990424703961069
732.6499,1.2303592635553808,0.6994192155476031
732.76465,1.228749937596109,0.6990052369839339
732.8481400000001,1.2280387300500024,0.6985922190184669
733.0463900000001,1.2273291537770168,0.6995828983340364
733.18109,1.2266212031711858,0.6991494537307444
733.2445700000001,1.225240725589931,0.6987170379851254
733.44281,1.2238649157625965,0.6982966551917256
733.59753,1.2224937500548039,0.6986285746571136
733.64099,1.221663186825965,0.6989604323920392
733.8392299999999,1.2208346920254565,0.6986261204718659
734.01392,1.220008257936091,0.6987397941926548
734.0374099999999,1.2184188834757756,0.6988533759950535
734.2356,1.216835438339494,0.6982015914328583
734.43036,1.2152578894090973,0.6989978570656471
734.43372,1.2139199543089954,0.6997950368264791
734.6319,1.2125864701426516,0.6982232867804308
734.83002,1.2112574147364414,0.6971051243485005
734.8467400000001,1.2099327660637826,0.6977895530121668
735.0282,1.2073105279134417,0.6984745519240769
735.22632,1.204702571147396,0.6986850313889287
735.26306,1.202108779412346,0.6986132682516543
735.42444,1.198856496460379,0.6985416007174724
735.6225,1.1956253981559883,0.6980337356960109
735.67944,1.1924152781830002,0.6976218355349614
735.82062,1.1902593935587138,0.6972108838700279
736.01868,1.1881137019656554,0.6970601386520213
736.0957599999999,1.1859781312852744,0.6972426057822182
736.2168,1.184154105822618,0.6974249633297084
736.41486,1.1823377208658894,0.6968582452657477
736.51208,1.1805289285084213,0.6969321615928477
736.61292,1.1784543716533438,0.697006010681771
736.81097,1.176389406302646,0.6959254867795411
736.92834,1.174333966091713,0.6963780596949946
737.00897,1.1726366430765995,0.6968307139469122
737.20703,1.170946110437816,0.6961228672656194
737.3446700000001,1.169262327507946,0.6963701408972273
737.40503,1.1673554894626512,0.6966173135898981
737.60303,1.1654569803432375,0.6967588260048909
737.76093,1.163566745698436,0.6969314667080582
737.80103,1.1617783648894446,0.697104000204496
737.99902,1.159997458306076,0.6970665196485607
738.1771200000001,1.1582239791902056,0.6966013357273461
738.1970200000001,1.1576088773877045,0.69613728943086
738.39496,1.15699511229701,0.696424210391877
738.5929,1.1563826795655279,0.6966338273523182
738.59338,1.155771574859541,0.6966364171996329
738.79089,1.1531995830231179,0.6966390041875877
738.98883,1.1506418510670275,0.6962360552657323
739.00958,1.148098260727648,0.6959653531850098
739.18671,1.146764005527343,0.6956951615559857
739.38464,1.145434322492038,0.696098220961382
739.42578,1.1441091881604013,0.6959550011794867
739.58252,1.1427547367991293,0.6958119988795798
739.78046,1.1414049828839392,0.6959758089634427
739.84198,1.1400599020199338,0.6962939665304199
739.97833,1.1389446332389999,0.6966120627636595
740.17621,1.1378327735053446,0.6951148543126391
740.25812,1.136724307212144,0.6954958415482926
740.3740799999999,1.1352818420040198,0.6958768252959997
740.5719,1.1338446187745856,0.6947683672657016
740.67426,1.1324126090013142,0.6956134862757682
740.76978,1.1312054279846633,0.6964597288230315
740.9675900000001,1.130002143696711,0.6959925773475282
741.0903900000001,1.1288027373001497,0.6961099054891474
741.16541,1.127465940532082,0.6962271440125165
741.3632200000001,1.1261337713475728,0.6958352245425147
741.50653,1.1248062057592123,0.6959640238257598
741.56104,1.1240443726436704,0.6960927292134416
741.75885,1.1232844056545972,0.6963545496582395
741.92261,1.1225262979437058,0.6963657113868903
741.9566,1.122078563348445,0.6963768612299424
742.15436,1.1216316760261011,0.6962750492835027
742.33868,1.121185633573937,0.6964318391049986
742.35217,1.120569419570122,0.6965885277457209
742.54987,1.1199545558574326,0.6971811550844971
742.74762,1.1193410380024484,0.6974062679396095
742.7547599999999,1.1187288615911357,0.6981578914085366
742.94537,1.1180415025018076,0.698910312805857
743.14307,1.1173557367959486,0.6973187795903324
743.17078,1.1166715589394822,0.6979708132619237
743.34082,1.1155876533529152,0.6986233541684025
743.53851,1.114507028255086,0.6979080034903743
743.58685,1.1134296687756784,0.6979731031873623
743.7362099999999,1.1118903666530304,0.6980381441107737
743.93384,1.1103569833858316,0.6978198556963531
744.00287,1.1088294849012126,0.6977470635583715
744.13153,1.1077142410105993,0.6976743657286222
744.32916,1.106602446572178,0.697135762182916
744.41882,1.1054940856069124,0.6967346660906684
744.5268599999999,1.1035649110600227,0.6963344659311831
744.7244900000001,1.1016445400588646,0.6954721363209718
744.83484,1.0997329124798083,0.6955075728727759
744.9221200000001,1.0982756230526798,0.695542974624613
745.11969,1.096823762980643,0.6953265655105236
745.25079,1.0953773019782729,0.6951520800440893
745.31732,1.0938421586135019,0.6949778707818193
745.51489,1.092312965356235,0.6945365525176219
745.66669,1.0907896876800862,0.6947276472270763
745.71252,1.0899339176990979,0.6949186405168027
745.9101,1.0890804112321346,0.6950038760340409
746.0826400000001,1.0882291593105557,0.6948747818558757
746.1076,1.0868081598683361,0.6947458747796313
746.30518,1.0853923924099576,0.6950543312381869
746.49854,1.083981828093022,0.6950339053177742
746.50275,1.0832649818336497,0.6950135025901445
746.70026,1.0825498530026152,0.6944608568601057
746.89777,1.0818364354353518,0.6935992008448769
746.9144299999999,1.08112472299676,0.6941871816185113
747.09528,1.0796819047625132,0.6947755267551501
747.2927900000001,1.0782444756699217,0.6937089895632742
747.33032,1.0768124055813957,0.6940876339614616
747.4903,1.0752245483935008,0.6944662850819029
747.6877400000001,1.0736430621184134,0.6947442133497277
747.74615,1.0720679084901612,0.6943083570639594
747.88525,1.0702512839889793,0.6938735132456032
748.0827,1.0684427403664716,0.6955076123576465
748.1619900000001,1.0666422238231177,0.6955199473162021
748.28015,1.0653985714692438,0.695532269521869
748.4775400000001,1.0641591402962416,0.6947138882023619
748.57782,1.0629239088493463,0.6949334699023766
748.6749900000001,1.0616358174545106,0.6951529558107176
748.87238,1.0603522136234524,0.6935512558219082
748.99365,1.0590730739457106,0.6941201889789556
749.06982,1.057793970008152,0.6946894484090324
749.26721,1.0565193097547483,0.6948267229295153
749.4094200000001,1.0552490700692134,0.6948097329155717
749.4646,1.0534413350527754,0.6947927618115199
749.66193,1.0516416959383967,0.6948441294008263
749.8252,1.0498500984616062,0.6947812950812435
749.8593099999999,1.0483632938089242,0.6947185388668302
750.0,1.0479002554274586,0.6951212258343004
750.05664,1.047307433018053,0.6954371746820212
750.2409700000001,1.045700894960705,0.6954014279060552
750.25403,1.0444735033000754,0.6953657138004101
750.45135,1.0432499814020142,0.6941431015975453
750.64862,1.042030310994246,0.6943393143011801
750.6566799999999,1.040814473919352,0.6943569204109025
750.84595,1.0391434858577937,0.6943745131523582
751.04327,1.0374792009837157,0.6932264346949972
751.07239,1.0358215790429888,0.6936526124754945
751.24054,1.0340292448032575,0.6940789691844559
751.43781,1.0322445444347965,0.6945885528613664
751.4881,1.0304674292702185,0.6942882353012251
751.63507,1.0291040156350966,0.693988419662147
751.83234,1.0277453019187102,0.6941071052535747
751.9038099999999,1.026391263860745,0.6939591428144263
752.02954,1.0248324132049298,0.6938113627746283
752.22681,1.0232795422198415,0.6932246593327085
752.3194599999999,1.0217326165647818,0.6933421940684088
752.42401,1.019783960698148,0.6934596738813352
752.62122,1.0178442847591238,0.6931255682420897
752.73511,1.0159135268175412,0.6934741752986398
752.8184200000001,1.01416019857416,0.6938228521218989
753.01563,1.0124143155980154,0.6926536502619359
753.15076,1.0106758305666261,0.6929744721656969
753.21277,1.0089545782841962,0.6932953330745957
753.40997,1.0072405552985868,0.6928139796221674
753.56635,1.0055337161604376,0.6927268508005279
753.60712,1.0036542801521628,0.6926398138394076
753.80426,1.0017833570927617,0.6925838605774159
753.98199,0.9999208892735322,0.6924160662748254
754.0014,0.9989363984707411,0.6922484877555957
754.19849,0.9979546314277399,0.6923883783685525
754.39563,0.9969755768565326,0.6918681517797693
754.39752,0.9959992235314109,0.6920856355243522
754.59271,0.9945235829718787,0.6923030817005953
754.78979,0.993053484552322,0.6916961204259374
754.8131099999999,0.9915888971089073,0.6915633616493038
754.9868799999999,0.9896409009011808,0.6914307599579292
755.18396,0.9877020918888686,0.691286410128439
755.22864,0.9857724052315022,0.691641195362417
755.38098,0.9841437740517199,0.6919960610604189
755.5780599999999,0.9825218096863636,0.6902809008274117
755.64417,0.9809064712830626,0.6907325181445517
755.7750900000001,0.9790674168920591,0.6911843656958913
755.9721099999999,0.9772367042494667,0.6912562277805889
756.05969,0.9754142767278334,0.691193513615039
756.16913,0.9737131886675451,0.6911308607999521
756.36609,0.9720193717775361,0.6905154983352609
756.47516,0.9703327795371417,0.6906051237912115
756.5631099999999,0.9690460878388265,0.6906947011386145
756.76007,0.9677638238564447,0.6899039670303998
756.8906900000001,0.9664859647745138,0.690191258808628
756.95703,0.964772698037342,0.6904785612342998
757.15399,0.963066849209001,0.6901195558614784
757.30609,0.9613683702177226,0.6899703123293491
757.35095,0.9600052159735045,0.6898212517842374
757.54791,0.9586469995564869,0.6896341412141533
757.72156,0.9572936941853385,0.6898461068296295
757.7448099999999,0.9558029429502667,0.6900580344886685
757.94171,0.954318004014354,0.6890958125673399
758.1369599999999,0.9528388434513245,0.6890581627762676
758.13861,0.9517213702511906,0.6890205469242137
758.33551,0.9506073970071102,0.6884757688802454
758.5324099999999,0.9494969073018579,0.6889883460570839
758.55237,0.9483898848207263,0.6890444450982303
758.72925,0.9466283467833179,0.6891005088876204
758.92609,0.9448747255470457,0.6899491830544288
758.96777,0.9431289678613861,0.6895343703759428
759.12292,0.9415121983358099,0.6891203833446953
759.31976,0.9399022328323189,0.6904330681550829
759.38312,0.9382990284899734,0.690056038026571
759.5166,0.9369266243229959,0.6896797165051662
759.71338,0.9355593068933107,0.6893517893491713
759.79846,0.9341970479726812,0.6894835119882282
759.91022,0.932749293244319,0.6896151810875425
760.10699,0.9313071542799408,0.6890584227418278
760.21381,0.9298705984679195,0.6888278896577853
760.30377,0.9282790379297384,0.6885976920970746
760.50055,0.9266941624422456,0.6887834460312029
760.62915,0.9251159299747644,0.6888537992392041
760.69727,0.9237791800634237,0.6889241114790497
760.89404,0.9224473339043248,0.6886932057056049
761.04443,0.9211203645633798,0.6886318961593353
761.0907599999999,0.9198832892832377,0.6885706456711724
761.28748,0.9186504997436614,0.6874722081067774
761.4597200000001,0.9174219737117958,0.6874684804196511
761.48419,0.9160281157031651,0.6874647556973945
761.6809099999999,0.9146395748333547,0.6878962516449744
761.875,0.9132563207354152,0.6876940176772651
761.87756,0.9122884668898654,0.6874920609167566
762.07422,0.911323418021296,0.6871559155302993
762.2708700000001,0.9103611619535219,0.6876806704718598
762.29022,0.909401686580732,0.6874549539074896
762.46753,0.9078873414898725,0.6872295618911874
762.66418,0.9063792098588613,0.6877076860302757
762.7054400000001,0.9048772535246252,0.6880054286699738
762.86084,0.9038040592552457,0.6883031962578728
763.05743,0.9027342429728759,0.6870580644641721
763.12067,0.901667788753746,0.6872296967545058
763.25403,0.900109181573341,0.6874012807479588
763.4506200000001,0.8985571632701861,0.6862928527213592
763.53583,0.8970116921515434,0.6862142821643218
763.6472200000001,0.8958502482840708,0.6861357908312755
763.84381,0.8946927098317284,0.6864833484886612
763.95099,0.8935390571293381,0.6866354445231939
764.04034,0.8920016329910188,0.6867874894486269
764.2368799999999,0.8904706809643649,0.6860051788492468
764.36615,0.8889461602666376,0.6856305358172974
764.43341,0.8879222885256649,0.6852565926922054
764.62994,0.8869015659581125,0.6862372319214862
764.78131,0.8858839780571857,0.6858000385960076
764.82648,0.8844579591235447,0.6853637409900519
765.02295,0.8830376259051225,0.6858556380534362
765.19641,0.8816229444650917,0.6856222836159213
765.21942,0.8805004343028172,0.6853892688172432
765.41595,0.8793816463590083,0.6851651019939418
765.61151,0.878266562150122,0.6849818704898886
765.61237,0.8775108446399976,0.684798878871851
765.80884,0.8767570105746821,0.6851190366187935
766.00531,0.8760050529218855,0.685080426277073
766.02661,0.8752549646842845,0.6851626132666897
766.20172,0.873970355673551,0.6852447563500981
766.39813,0.8726905013898744,0.6845824185211813
766.44165,0.8714153754839901,0.6842563618154595
766.59454,0.8701105665021283,0.6839308672394325
766.79095,0.8688106628993523,0.6848156093288147
766.8566900000001,0.867515637065187,0.6843731286729462
766.9873,0.8665286466878506,0.6839315604333844
767.18372,0.8655446587781044,0.6834347386126715
767.2717299999999,0.8645636596563003,0.6838511388876366
767.38007,0.8636157253821053,0.6842677251528759
767.57642,0.862670595906878,0.6838288855684089
767.68677,0.8617282588005222,0.6840344280045718
767.77277,0.860856235372341,0.6842399355616519
767.96906,0.8599866444961939,0.6851710880189219
768.10175,0.859119476007673,0.684311899814159
768.16541,0.8578566864571678,0.683455522327538
768.3616900000001,0.8565985707157173,0.6843688035365749
768.51672,0.8553451028833517,0.6841355245762983
768.5579799999999,0.8543255378093836,0.6839025837005486
768.75427,0.8533091809651268,0.6838984707721409
768.93164,0.8522960172315326,0.6838663854879956
768.9505,0.8514771466677038,0.6838343278417127
769.14679,0.8506604746783012,0.68373336705336
769.34302,0.8498459924208116,0.6835897007089435
769.34662,0.8490336911000766,0.6832853687903225
769.53925,0.8482911421284368,0.6829815406831863
769.73547,0.8475504583107011,0.682764447003975
769.7615400000001,0.8468116326282712,0.6829926182321824
769.9317,0.8457325124266741,0.6832207671493558
770.12787,0.8446569617638865,0.682484994737453
770.1763900000001,0.8435849629580484,0.6828517200493863
770.3240400000001,0.8425951448751907,0.683218558784596
770.52026,0.8416084008713599,0.6822803154707331
770.5913099999999,0.8406247166480035,0.6822020636729338
770.71637,0.8394919776669892,0.6821238895754087
770.91254,0.8383631487353892,0.6825543099914945
771.0061599999999,0.837238209642707,0.682263751368617
771.1087,0.8366596821741298,0.6819736614266664
771.30481,0.8360823939979627,0.6822688538007996
771.42102,0.8355063411363416,0.6825751431186867
771.5009200000001,0.8345989937219553,0.6828814738224361
771.6970200000001,0.8336943038902148,0.6821848931241805
771.83582,0.8327922599822716,0.6823453095065608
771.8931299999999,0.8315478655457954,0.6825056791490842
772.08917,0.8303081271080291,0.6814784947012154
772.2506099999999,0.8290730185865951,0.6819085480077278
772.28522,0.8282444873460567,0.6823388168147628
772.48132,0.8274182383007884,0.6806124057977665
772.66541,0.8265942620342738,0.6807842008680175
772.67737,0.8260001970279548,0.6809559521082875
772.87335,0.8254074353595269,0.6815385143018626
773.0694,0.8248159727445394,0.6807181298264047
773.0802,0.8242258049173,0.6809033750195046
773.2653799999999,0.8233740958686816,0.6810885804660678
773.46136,0.8225247888755802,0.6810381452940657
773.49493,0.8216778737906116,0.6811492862557907
773.65735,0.8206859044419289,0.6812603792686681
773.85333,0.819697075723326,0.6813303543609659
773.90967,0.8187113727432629,0.6811293998577272
774.04932,0.8181047947852713,0.680928715774739
774.2452400000001,0.81749957274652,0.6809513162834958
774.3244,0.8168957020856359,0.680625442928668
774.44116,0.8162392760357331,0.6803001272558624
774.63708,0.8155843988261102,0.6809407981509098
774.73907,0.8149310649814828,0.6806252991289904
774.83301,0.8137683697565895,0.6803103301765255
775.02887,0.812609861198541,0.6804146981840371
775.15375,0.8114555167347691,0.6801645649939311
775.22479,0.810798532424062,0.6799148040525896
775.42065,0.8101431051119574,0.6795705025745399
775.5684200000001,0.8094892292700683,0.6794353601123274
775.61652,0.8085308497445693,0.6793003731199949
775.81238,0.8075754558820503,0.6790726788471928
775.98303,0.8066230337522474,0.6793887515944532
776.0081799999999,0.8058752532771757,0.6797048805753969
776.20398,0.8051294188089838,0.6791508301663904
776.39764,0.8043855227611768,0.6787967998473224
776.39984,0.8038316891556969,0.6784434040802185
776.59564,0.8032790328740037,0.6788654838904714
776.79138,0.8027275501660007,0.6783408575708443
776.8122599999999,0.8021772372975015,0.6786153033106186
776.98718,0.8015068313485412,0.6788897650220732
777.18292,0.8008380466416241,0.6778427021797364
777.22687,0.8001708773028803,0.6779868426349773
777.37866,0.799438613998005,0.6781309362964335
777.5744,0.798708236859817,0.6788832043494035
777.64142,0.7979797386100974,0.6784252484038027
777.7701400000001,0.7972320474855108,0.6779682520704737
777.96588,0.7964863142112357,0.6780451214117682
778.05597,0.7957425311072974,0.6781550012362957
778.16156,0.7949873762969855,0.6782648344645397
778.35724,0.7942342163389943,0.6788367267431918
778.47046,0.7934830433392076,0.6785361689509323
778.55292,0.7929122220249147,0.678236101413425
778.7486,0.7923426467426851,0.6779026643305611
778.88501,0.7917743134170672,0.6780461620723232
778.94421,0.7909467718399994,0.6781896134335056
779.13989,0.7901215736459629,0.6766840373975945
779.2995,0.7892987088952518,0.6772576957575096
779.33551,0.7887102055906569,0.6778318989121963
779.53113,0.7881230167122277,0.6778533313843109
779.71393,0.7875371378612067,0.678032063621756
779.72675,0.786683156556776,0.6782107569628011
779.9223,0.7858316588165638,0.6778518336256598
780.11786,0.7849826338221799,0.6780721042930606
780.12842,0.7841360708179763,0.6776941360807027
780.31348,0.7838666071018882,0.6773168695224373
780.50897,0.7835975285639901,0.677049955262471
780.54285,0.7833288343789975,0.6772856007789769
780.70453,0.7825968494431623,0.6775212352142488
780.9000900000001,0.7818667730830173,0.6768038478006858
780.95728,0.7811385978436581,0.6770108932141825
781.0955799999999,0.7806723690032806,0.6772179116245501
781.29108,0.7802070414594287,0.6774761469357379
781.3716400000001,0.7797426126010958,0.6773236100756003
781.48657,0.7791527166662792,0.6771712548325108
781.6820700000001,0.7785641485237098,0.6768507733924546
781.7860099999999,0.7779769036953522,0.6768794177624408
781.8775,0.777300993625475,0.6769080433542175
782.07294,0.7766267557678554,0.6757557015130221
782.20038,0.7759541839245404,0.6761171344813703
782.26843,0.775150255765828,0.6764786866530567
782.46381,0.7743485839799334,0.6759248097997844
782.61469,0.7735491590807788,0.6766308867999119
782.6592400000001,0.7731603299017774,0.6773379174352345
782.85468,0.772772178022894,0.6764986203677228
783.02905,0.7723847016759887,0.6765334080245377
783.05005,0.7718945083671929,0.6765681735940087
783.24542,0.7714052976390744,0.6762621567328508
783.4408,0.7709170665402526,0.6767094944998397
783.4433,0.7704298121311547,0.6760842004758822
783.6361099999999,0.7699727885832675,0.6754605202535774
783.8314799999999,0.7695166428399032,0.6750343856250683
783.8576,0.7690613723744909,0.6753229863540468
784.02679,0.7681206860388572,0.675611621349799
784.2221099999999,0.767182987443854,0.676375188594659
784.27185,0.7662482623778786,0.6761855030411681
784.41742,0.7660797862159878,0.6759960631417412
784.61267,0.7659115078178321,0.6756291986927468
784.6861,0.7657434268354018,0.676075162588623
784.8079799999999,0.7650848051193085,0.6765213875625676
785.00323,0.7644277974964785,0.6760095936075379
785.1003400000001,0.7637723980406523,0.6763813548309656
785.19849,0.7633905658328517,0.676753252094857
785.3937400000001,0.7630093946992134,0.6766247614555626
785.51453,0.7626288829244249,0.6759465792985747
785.58893,0.7620596500733248,0.6752702505599599
785.78418,0.7614916822408841,0.6754551186967579
785.9287099999999,0.7609249752148651,0.6751943301848141
785.97937,0.7603418206757655,0.6749339335755756
786.1745599999999,0.759759984853524,0.6757371210622192
786.3429,0.7591794632800705,0.6755230743396887
786.36969,0.7586848926065399,0.6753093194791028
786.56488,0.7581913265466412,0.6756998608719175
786.75702,0.7576987620424963,0.6757336370340933
786.76001,0.7572489758229676,0.6757673919089352
786.95514,0.7568000509847729,0.6750991328007522
787.15027,0.7563519850558444,0.6759854149354073
787.17114,0.755904775573565,0.67562901906626
787.3454,0.7553914516888004,0.6752732582207741
787.54047,0.7548791978547724,0.6748397065653464
787.58527,0.7543680107290988,0.6750442392568906
787.7356,0.7539538291043205,0.6752487468793777
787.93066,0.7535404030625231,0.6752377161166424
787.99933,0.7531277305379989,0.675061338429359
788.12573,0.7526667182438757,0.6748851810680502
788.32074,0.7522066046353063,0.675254601535798
788.41339,0.7517473870870379,0.6753571949200674
788.51581,0.7510131985517137,0.6754597448983773
788.71082,0.7502809744547145,0.6746734307100226
788.82745,0.7495507069223217,0.6749270613555306
788.9058200000001,0.7492675081782524,0.6751806984556644
789.10083,0.7489847286124124,0.6743325895186271
789.24146,0.7487023672948163,0.6748112769569761
789.29578,0.7480930388627774,0.6752902966582607
789.49078,0.7474851420028706,0.6749019285846909
789.65552,0.7468786716759565,0.6748268298047511
789.68573,0.7461239900024939,0.6747518021118432
789.88068,0.7453713766864601,0.6750150065438699
790.0694599999999,0.7446208232363652,0.6751531427347512
790.07556,0.7445269879310529,0.6752912354692765
790.27051,0.7444332441134706,0.6744763180379161
790.4653900000001,0.7443395916498852,0.6742915157189724
790.4834599999999,0.7442460304068244,0.6741615244714284
790.66028,0.7437766667856816,0.6740316771944068
790.85516,0.7433082331431683,0.673976918642214
790.8974,0.7428407267180854,0.6741180636494913
791.05005,0.7425118155089081,0.6742591658602654
791.24487,0.7421834324081713,0.6737721161983923
791.3113400000001,0.7418555761449779,0.6743385414795021
791.4397,0.7415362213067065,0.674905510554068
791.6345200000001,0.7412173711474044,0.6746732220163058
791.72522,0.7408990244716932,0.6743876664939343
791.82935,0.740450557491172,0.6741025579674655
792.02417,0.7400029553486988,0.6743095832630042
792.13916,0.7395562155450118,0.674512336482931
792.21893,0.7390217907134649,0.6747150656862003
792.4137,0.7384885211743131,0.6751295961236856
792.55304,0.7379564031854225,0.6745425107407509
792.6084599999999,0.7374741821831056,0.6739568662827662
792.80322,0.7369929366974132,0.674796328456254
792.96686,0.7365126637711815,0.6746438913841266
792.99792,0.7360355512302692,0.6744916325131215
793.1926900000001,0.7355593981201718,0.6748066560507308
793.38068,0.735084201549801,0.6748485399856057
793.38739,0.7346587772427086,0.6748903990825337
793.58209,0.7342341494762166,0.67403314322877
793.7767299999999,0.7338103160153203,0.6745353069279846
793.79449,0.7333872746333692,0.6747176981449811
793.97144,0.7331583323168555,0.674900057325701
794.16608,0.7329296966052326,0.6744951517689973
794.20831,0.7327013668829937,0.6745775767940017
794.36072,0.7321223622406913,0.6746599629917862
794.55536,0.7315446849684979,0.6743301374470243
794.62207,0.7309683305071386,0.67421252285514
794.74994,0.7307502271868325,0.6740950332718875
794.94458,0.7305324096139566,0.6739936728669883
795.03583,0.7303148772273219,0.6743051506460875
795.13916,0.7299026444619646,0.6746166938386274
795.33374,0.7294911704201426,0.674542068230434
795.44958,0.7290804530091101,0.6744953105959194
795.52832,0.7288353477897097,0.6744485927716298
795.72284,0.7285905818226677,0.6746401639388544
795.86328,0.7283461544041276,0.6748704574905855
795.9173599999999,0.7278168533585736,0.6751007441429967
796.1118799999999,0.7272886970596074,0.6759790630225141
796.27698,0.7267616817975371,0.6752924017034616
796.3064,0.7260042588167186,0.6746076210106932
796.5009200000001,0.7252489499195698,0.6747618252474324
796.6906700000001,0.7244957462673279,0.6750202605294106
796.69537,0.7243765064188802,0.6752787099792836
796.88983,0.7242573904807288,0.6750291636417517
797.08429,0.7241383982598286,0.6747312897567445
797.1043099999999,0.724019529563535,0.6747668856094745
797.27875,0.7238854455875197,0.6748024599535484
797.47321,0.7237515063315743,0.6750200762905149
797.5179400000001,0.7236177115615257,0.6750152917517993
797.6676,0.7231980827995454,0.6750105106725768
797.862,0.7227792372952767,0.6750954431639103
797.9315799999999,0.7223611728577803,0.6754495826193263
798.0564,0.7221179993920877,0.6758038426401943
798.25073,0.7218751615605771,0.675437198701348
798.34515,0.7216326586688518,0.6752889736134908
798.44513,0.7210475631588621,0.6751409183517174
798.6394700000001,0.7204638284047294,0.6754902743106912
798.75873,0.7198814496649057,0.6758766316412282
798.8338,0.7196342582780839,0.6762631577060148
799.02814,0.7193874110274512,0.6759552849299464
799.1723,0.7191409071948555,0.6758245481167667
799.22241,0.7185642949003148,0.6756939540982966
799.41675,0.7179890124347555,0.6755994582187607
799.58582,0.7174150552030407,0.6755869631620567
799.61102,0.7170544932112368,0.6755744773778928
799.8053,0.7166945472401891,0.6763095351954391
799.99933,0.7163352157125367,0.6765001721757101
799.99951,0.7161132571328352,0.6766907822605107
800.0,0.7161284541543903,0.6766753726827839
800.19379,0.7161275735671214,0.6766447929613235
800.388,0.7158899887793325,0.6765247519547292
800.4128400000001,0.7156527179041726,0.6768605515074625
800.5822099999999,0.7155500498950683,0.6771964631613938
800.77643,0.7154474788844255,0.676140324420268
800.8262900000001,0.715345004734846,0.6765122782830764
800.9705799999999,0.714810172179134,0.6768843965488329
801.16473,0.7142764896500445,0.6773511997890271
801.23975,0.7137439534422845,0.6770153307116142
801.35895,0.7133594137216726,0.6766800149264097
801.55304,0.7129755403205383,0.6770642987412939
801.6532,0.7125923315085122,0.6771755952681068
801.74719,0.7123045424658615,0.6772868552940875
801.94135,0.7120171744128069,0.6774690654911093
802.06659,0.711730226426262,0.6770494657629688
802.13544,0.7111484930871156,0.6766306601484574
802.32953,0.7105680903778173,0.6775578848661494
802.47998,0.7099890137381517,0.677668962645605
802.52356,0.7096477208259527,0.6777800040410968
802.71765,0.7093069790832663,0.6780872020549533
802.89337,0.7089667871760064,0.6778000593396157
802.9116799999999,0.7087511252684253,0.6775133474100311
803.1057099999999,0.7085357355061082,0.6782872433413725
803.29974,0.7083206173742469,0.6779417867136263
803.3067599999999,0.7081057703593306,0.6784997440894661
803.49377,0.7076998455287824,0.6790582550203395
803.6877400000001,0.7072946506239721,0.6788005931599599
803.72009,0.706890183677862,0.6790749973220519
803.88171,0.7064531025021378,0.6793494440191554
804.07568,0.7060168463029176,0.6785995155352134
804.1333599999999,0.7055814127467295,0.6787701491168447
804.26965,0.7052363212425342,0.6789407571289247
804.46362,0.7048917918625733,0.679818540225158
804.54669,0.7045478232344873,0.6796600112174872
804.65753,0.7046714809848457,0.6795016593767896
804.85144,0.7047951015404108,0.6790975925021319
804.9599599999999,0.7049186849179623,0.6798034299944445
805.04535,0.7044079013820982,0.6805102752610638
805.2392,0.7038981892832049,0.6805511982371968
805.37323,0.7033895452535901,0.6805177203185183
805.4331099999999,0.7030480309003847,0.6804842674667133
805.62695,0.7027070697658807,0.6812424309085546
805.7864400000001,0.7023666605069286,0.6812011642667473
805.8208,0.702107201140766,0.681159929435998
806.01465,0.7018481017619658,0.6809265588120003
806.19965,0.7015893616218498,0.681334111663754
806.20844,0.7013595973164239,0.6817418876084841
806.40222,0.7011301324232249,0.6808834853254266
806.59601,0.7009009663573751,0.6808107687757129
806.61285,0.7006720985355196,0.6813036699710602
806.78979,0.7001848752759097,0.6817969651209619
806.98358,0.6996986442806502,0.6817806352389074
807.0260000000001,0.6992134025216005,0.681961471908872
807.1773099999999,0.699094697929296,0.6821422873075316
807.37103,0.6989761104600078,0.6825773169981407
807.43915,0.698857639940477,0.6824127248173377
807.56476,0.6986341970222033,0.6822483184265047
807.75848,0.6984110413454448,0.6831364719775659
807.85229,0.6981881723566729,0.6826020577824562
807.95215,0.697910365931276,0.682068823751047
808.14581,0.6976329598182162,0.6830643926897505
808.2653799999999,0.6973559531528551,0.6828337286725825
808.33948,0.696776248103536,0.682603369212997
808.53314,0.69619787941135,0.6841469884973245
808.67853,0.695620842460689,0.6840435805373437
808.72675,0.6953770066157534,0.6839402705240964
808.92041,0.6951334987681458,0.6837743300280467
809.09155,0.6948903182564989,0.6837448110717277
809.11401,0.6948050534894273,0.6837153136895845
809.30762,0.6947198645682974,0.6837134030733969
809.5011599999999,0.6946347513919524,0.6850703418854457
809.50464,0.6945497138594157,0.6849146467792915
809.69476,0.6943283287582198,0.684759122590552
809.8883099999999,0.6941072270834355,0.6849292998113288
809.91766,0.6938864082911295,0.685230108970978
810.08185,0.6934323812822691,0.685530988745696
810.2753299999999,0.6929792393898679,0.684992653669168
810.3306299999999,0.6925269800281719,0.6851074330915312
810.46887,0.6924085653224417,0.6852221771992189
810.66235,0.6922902671270569,0.6854339476070666
810.74365,0.6921720852701471,0.685870130346399
810.85583,0.6920992142974672,0.6863065880506002
811.04932,0.6920264054138733,0.6859687303646904
811.15662,0.6919536585400453,0.6862290347832902
811.24274,0.6916269378586283,0.6864893697095915
811.43616,0.6913007347293874,0.6866021984644864
811.56958,0.6909750479235287,0.6868046807287648
811.62958,0.6906138879031324,0.6870071526129117
811.823,0.6902533361809081,0.687220518345756
811.98248,0.689893391221323,0.6870950698473071
812.01642,0.6895594278736626,0.6869697473917774
812.20978,0.6892260010794071,0.6871359776547811
812.39539,0.6888931095465352,0.6872887754211795
812.40314,0.688857850139161,0.687441543385664
812.5965,0.688822616876974,0.6880068753599613
812.78986,0.6887874097309045,0.6884518052100687
812.80829,0.688752228671926,0.6889113190492698
812.98315,0.6882862517349817,0.6893711526622783
813.17645,0.6878212017785814,0.6891050051610328
813.22113,0.6873570760393725,0.6893544139116333
813.36975,0.6871475648171409,0.6896038439637197
813.56305,0.6869383147853909,0.6883423304833102
813.63397,0.6867293254560006,0.6881153155389504
813.75629,0.6865327341451061,0.6878885948434722
813.94958,0.6863363805217405,0.6888230976362635
814.0468099999999,0.6861402641551023,0.6888681574627067
814.14282,0.6862314342986495,0.6889131944848174
814.336,0.6863225706114197,0.6894328144988241
814.45959,0.6864136731122397,0.6892764285690065
814.5292400000001,0.6857112997817879,0.6891202129946465
814.72241,0.6850108077274447,0.6896563596604472
814.87238,0.6843121894009463,0.689824486536392
814.9155900000001,0.6843290716376111,0.6899925884673929
815.10876,0.684345943979699,0.6904066602609198
815.28516,0.6843628064359064,0.6902514999149513
815.3019400000001,0.6842363273561934,0.6900965077522168
815.49506,0.6841099752601661,0.6892769981836449
815.68817,0.6839837499566853,0.6903367340991945
815.6978799999999,0.6838576512549945,0.6907865471003818
815.88129,0.6836312179124214,0.6912366608459636
816.0744,0.6834050778812196,0.691042538120084
816.1106,0.6831792305918447,0.6915186714852771
816.2674599999999,0.6828955071614745,0.6919951591301499
816.46051,0.6826121987733235,0.6917249092703178
816.52332,0.6823293045173462,0.6922644173260356
816.65356,0.6820316368035725,0.6928044253174697
816.84662,0.6817344168035413,0.6928602306085558
816.93597,0.6814376435079205,0.6930061412165691
817.03967,0.6812548274812855,0.6931520209640749
817.23267,0.6810722249989272,0.6935246135368569
817.34863,0.6808898356869079,0.6938079367040618
817.42566,0.6805773314156202,0.6940913122396274
817.61865,0.680265310968361,0.693721745376625
817.76123,0.6799537732224031,0.693755374382611
817.8115799999999,0.6798681008582095,0.6937889854201957
818.0045200000001,0.679782504117297,0.6942979703359181
818.17389,0.6796969828995802,0.6945187014666631
818.19745,0.6796028997306046,0.6947394336700377
818.3903799999999,0.6795089018876086,0.6953419918409182
818.58331,0.6794149892545692,0.6950559301141775
818.58643,0.6793211617156732,0.695369534965479
818.77618,0.679239782695462,0.6956832251659493
818.96906,0.6791584743873353,0.6969947062725204
818.99902,0.679077236699168,0.6968986431079448
819.16193,0.6790005580174175,0.6968026668367163
819.3548,0.6789239448643409,0.6973457463996265
819.41156,0.678847397155974,0.6976872626455624
819.54761,0.678408874193032,0.6980288985695381
819.74042,0.6779711924550573,0.6974980389441788
819.8241,0.6775343495237682,0.6982331910827485
819.93323,0.6774772286233105,0.698969431391668
820.12604,0.6774201532054169,0.6989421782739819
820.23663,0.6773631232157854,0.6991096867219936
820.31879,0.677072903733379,0.6992771703063552
820.5115400000001,0.6767831146337593,0.6997127720317932
820.64911,0.6764937549602774,0.6995797240474774
820.7042799999999,0.6766315805099358,0.699446810001154
820.89703,0.6767693758125013,0.700309716189281
821.0615799999999,0.6769071408779305,0.7007559700700873
821.08972,0.6765450569197223,0.7012025130451137
821.28247,0.6761835864346804,0.7019520347631103
821.4739999999999,0.6758227278650274,0.7015271611830652
821.47516,0.6757515383803564,0.7011030669618784
821.6677900000001,0.6756804084036161,0.7026625883413272
821.86047,0.6756093378602226,0.7030262714267508
821.88641,0.6755383266757168,0.7029752747711951
822.0531,0.6753986376734081,0.7029243173727917
822.24573,0.6752590936351838,0.7041216503007129
822.29883,0.6751196943355031,0.7041199933108204
822.43835,0.6749701709316915,0.7041183373631488
822.6309200000001,0.6748208069988978,0.7043707485397245
822.71118,0.6746716022821367,0.7051484163506772
822.82355,0.6742857791869223,0.7059273166047503
823.0161099999999,0.6739006372692192,0.7057717528360257
823.12354,0.6735161747266718,0.7059185567350827
823.20862,0.6735284714154971,0.7060653301858176
823.40118,0.6735407608930545,0.7073104979913135
823.53589,0.6735530431656854,0.7073994216623293
823.59369,0.673400019882725,0.7074883123164314
823.78619,0.6732471612817377,0.7079350674622356
823.94824,0.6730944670970231,0.7084427162052478
823.9787,0.6730426712194033,0.7089507771106475
824.1712,0.6729909155098887,0.7103333756030478
824.3605299999999,0.6729391999217715,0.7107761875305414
824.36365,0.6727925518591159,0.7112192762215949
824.55609,0.6726460587334546,0.711438498694009
824.74854,0.6724997202993754,0.7108249256211764
824.77277,0.6723535363119847,0.7086298741596873
824.94098,0.6726442899822545,0.7064496874498862
825.1333599999999,0.6729351146089019,0.6984942999746
825.1850599999999,0.6732260102179046,0.6956504545479794
825.32574,0.6728655396421396,0.692831413919936
825.5181299999999,0.6725056779517011,0.6887681675980464
825.59729,0.6721464236051522,0.6882955114583226
825.71045,0.6720120609062415,0.6878237957633507
825.90283,0.6718778350701798,0.6862982958238883
826.00946,0.6717437458879588,0.6859610555471546
826.09515,0.6714821578430085,0.6856243549424808
826.28748,0.6712209351030163,0.6858187588054481
826.42169,0.6709600769032992,0.6854993744902872
826.47974,0.6708866027325874,0.6851804847093583
826.67206,0.6708131900519281,0.6860483725241396
826.8338,0.670739838784163,0.6858805135545853
826.86432,0.6706352616698581,0.6857128403216424
827.0565799999999,0.6705307817102704,0.685869847967116
827.24597,0.670426398770074,0.6867632249700955
827.2488400000001,0.6704061516530799,0.6876583788271646
827.44104,0.6703859182496067,0.688465288954615
827.63324,0.6703656985457264,0.6887344560673977
827.6580799999999,0.6703454925275302,0.6887788983559523
827.8254400000001,0.6703287524581708,0.6888233189811165
828.01764,0.6703120235393913,0.6893245493895919
828.07019,0.6702953057600541,0.6899375847171431
828.20978,0.6700786405754268,0.6905513328630202
828.40192,0.6698622486719602,0.6907525578182941
828.4823,0.6696461295329432,0.690775380970356
828.59406,0.6693658212594717,0.6907981915871901
828.78619,0.6690859197492549,0.690812035948844
828.89435,0.6688064241175359,0.6917458164555556
828.9782700000001,0.66876451853512,0.6926815484712427
829.17041,0.6687226439498951,0.6936856512986751
829.3064,0.668680800327482,0.693937339932541
829.36243,0.6682750107462595,0.6941890565361086
829.5545,0.6678699620489951,0.6961651168631136
829.71838,0.6674656522084984,0.6964836530411461
829.74658,0.6674110101694531,0.6968022851417434
829.9386,0.6673564105837294,0.6975155304212152
830.13037,0.6673018534018708,0.698760755483567
830.13062,0.6672788356378272,0.7000096671074528
830.32257,0.6672558335656201,0.702244760552456
830.51459,0.6672328471692088,0.7049230608022422
830.5423599999999,0.6672098764325742,0.7061317549768955
830.70654,0.6671341552446711,0.7073438574076087
830.8985,0.66705849757169,0.7100965470095838
830.9542799999999,0.6669829033337499,0.7114190794266139
831.09045,0.6669672467980039,0.7127457338847245
831.28235,0.6669516005704755,0.7149760426801853
831.3662099999999,0.6669359646409875,0.7163288787148558
831.47424,0.6668451096491047,0.7176860125176041
831.66614,0.6667543348914257,0.71919465204589
831.77814,0.666663640261715,0.7200934421266834
831.85803,0.666549473204607,0.7209939306586545
832.04987,0.6664354148921731,0.7227209286035817
832.19,0.6663214651691174,0.7232449595597461
832.2417,0.6662977033658786,0.723769430640835
832.43353,0.6662739577461015,0.7248207991078001
832.60187,0.6662502282932586,0.7244025018195597
832.62537,0.6661063754945161,0.7239849415432944
832.81714,0.6659626723888603,0.724446658595899
833.00897,0.6658191187427575,0.7234595319281547
833.01373,0.6656757143231585,0.7234659173994689
833.20074,0.6657220393314558,0.7234722990965504
833.3924599999999,0.665768342592362,0.7233479784030322
833.4255400000001,0.6658146241211875,0.7233490939272176
833.5842299999999,0.6657035405172002,0.723350208776438
833.77594,0.665592561473943,0.7230197895000217
833.83734,0.6654816868438538,0.7228157719008879
833.96765,0.6657049816919924,0.7226119932610667
834.1593,0.6659282906708444,0.7222564108361716
834.2490799999999,0.6661516137817507,0.7219549278380122
834.35101,0.6661669330436164,0.7216538792069545
834.54266,0.6661822437128654,0.7218273173802391
834.66089,0.6661975457967254,0.720979615293147
834.7343099999999,0.6660934609977143,0.720134414238301
834.9259599999999,0.6659894717948462,0.718395097206796
835.07257,0.6658855780564824,0.718069065590265
835.11755,0.6658000200961086,0.7177435270530851
835.3091400000001,0.6657145359261419,0.7155876669150021
835.4843099999999,0.6656291254511616,0.7154114004481295
835.50073,0.6656609663343571,0.7152353274276235
835.69232,0.6656927909910151,0.7131159512221512
835.88385,0.6657245994335359,0.7129375398709819
835.8960000000001,0.6657563916743081,0.7125642495495345
836.07538,0.6655881819870911,0.7121915752863915
836.2669099999999,0.6654201588788037,0.7124341145270744
836.30768,0.6652523220391866,0.712057592357851
836.45844,0.6654252700837329,0.7116816950620832
836.6499,0.6655982035466753,0.7117456153121634
836.7193,0.6657711224298575,0.7118315645368657
836.84137,0.6655280508642984,0.71191748262804
837.0328400000001,0.6652853032269679,0.7111273737003102
837.1309200000001,0.6650428788707747,0.7111845161901743
837.22424,0.6650813076935909,0.7112416333981566
837.41571,0.6651197177876971,0.7113359421097448
837.54254,0.6651581091667813,0.7113921577999759
837.60712,0.6652049608901258,0.7114483484999913
837.79852,0.6652517909899976,0.7098015027884295
837.9541,0.6652985994813635,0.7096610644363238
837.98987,0.6652753026010455,0.7095207661293793
838.18127,0.6652520213695127,0.7094519908139577
838.3656599999999,0.6652287557710032,0.7092548543687069
838.37262,0.665285350253728,0.7090579459055525
838.5639,0.6653419203335474,0.7068105823865026
838.75525,0.6653984660262415,0.7054950432877285
838.77716,0.6654549873475765,0.7047151834400052
838.94653,0.6654314529027392,0.7039375126943735
839.1378199999999,0.6654079342529021,0.7016626566464419
839.1886599999999,0.6653844313821691,0.7006110583034331
839.3291,0.6652401534734038,0.699563235606892
839.52039,0.6650960246212672,0.695927944607747
839.60016,0.6649520445948881,0.6931448914774629
839.71161,0.664774273423729,0.6903856576186111
839.9028300000001,0.6645967037497615,0.6824408947816021
840.01166,0.6644193352305948,0.6731916836318333
840.09406,0.664503326454062,0.6641951519403495
840.28522,0.6645872885973125,0.6413861447491329
840.4231,0.6646712216754462,0.6345075356469899
840.4763800000001,0.664716933131715,0.627778888428032
840.66754,0.6647626235200093,0.6189714017509536
840.8345300000001,0.6648082928548906,0.6173591091982336
840.8587,0.6648891610956636,0.615756150795798
841.0498,0.6649700006531413,0.614921850417708
841.24097,0.6650508115425812,0.6169798485677817
841.24591,0.6651315937792305,0.6180368915603132
841.43201,0.6651203494693015,0.6190969281614804
841.62311,0.6651091122528696,0.6222460919880825
841.65729,0.6650978821232244,0.6237318639403624
841.81421,0.6647838886251531,0.6252238552387
842.00525,0.6644703785046,0.6273836063501429
842.0686599999999,0.6641573506462196,0.6291875697879994
842.1962900000001,0.6642199250372716,0.631000852474727
842.38727,0.6642824739153108,0.6343747925398755
842.4799800000001,0.6643449972959371,0.6357563424464767
842.57831,0.6643810507554933,0.6371430946877427
842.7692900000001,0.6644170866561144,0.6404400630276682
842.8913,0.6644531050106249,0.6416601690211451
842.96021,0.6642678136692253,0.6428842024805432
843.1511800000001,0.6640827357860201,0.6451302408017742
843.30255,0.6638978709923621,0.6467036050052444
843.3421,0.6639021780555454,0.6482837199392264
843.53302,0.6639064826144006,0.6505835733862104
843.71381,0.6639107846711109,0.6516588572977687
843.7239400000001,0.6638583097287661,0.6527370595946042
843.91486,0.6638058742373946,0.654894274765091
844.1057099999999,0.6637534781525235,0.6566709527242327
844.12506,0.6637011214297475,0.6583442165831723
844.29657,0.6638607673151568,0.6600250290609915
844.4874300000001,0.6640203952545967,0.6615312665975978
844.5363199999999,0.6641800052510928,0.6629777142012174
844.6782199999999,0.6639682505371163,0.6644296378884391
844.86908,0.6637567561802014,0.6662844596674392
844.94751,0.6635455217004714,0.6672995541121282
845.05981,0.6632335232694383,0.6683171423068771
845.2506099999999,0.6629220025842029,0.6696367728009297
845.35864,0.6626109585482869,0.6711663424708676
845.44141,0.662673014300657,0.6727020043755195
845.63214,0.6627350449552526,0.6739307035973179
845.76984,0.662797050527297,0.675353116755191
845.82288,0.6627793172401866,0.6767807006256565
846.01355,0.6627615953827878,0.6778999890547082
846.1809699999999,0.6627438849440538,0.6793511301890144
846.20428,0.6626838691489707,0.6808076346513592
846.39496,0.6626238996551983,0.6823068874545178
846.58563,0.662563976409176,0.6834323728309822
846.59204,0.6625040993574255,0.6848770539140793
846.77625,0.6625809019194144,0.6863269978219193
846.96692,0.6626576769726201,0.6874512215468039
847.00311,0.6627344245318191,0.688147655251888
847.1575300000001,0.6626103982282878,0.6888450896544799
847.3480800000001,0.6624864913889834,0.6910215195521942
847.4141800000001,0.6623627038413842,0.6921897562966022
847.5387,0.6622317080458187,0.6933612581864139
847.72925,0.6621008411401734,0.6944919338024231
847.82526,0.6619701029343155,0.6952766814074512
847.9198,0.661734702356477,0.6960627411205723
848.11035,0.6614996074752664,0.6968089243112905
848.2362699999999,0.6612648176955929,0.6977563063168055
848.30084,0.6614371562215023,0.6987057086671681
848.49139,0.6616094832253815,0.7009328925458779
848.64722,0.6617817987083854,0.7017241327838512
848.6818199999999,0.6618616262314028,0.7025166950334185
848.87231,0.6619414261191209,0.7035007401584041
849.0582300000001,0.6620211983858876,0.7046186934814075
849.06281,0.6619852914924104,0.7057395463300316
849.25323,0.6619494095582769,0.7075493148555355
849.4436,0.6619135525574722,0.708928870670617
849.46918,0.6618777204640172,0.7094394785095963
849.63403,0.6616287494229101,0.7099505224351176
849.8244,0.6613801113615416,0.7112372238725261
849.8800699999999,0.661131805612356,0.7124263977980324
850.0,0.6610690439138288,0.7131266358672538
850.0147699999999,0.6610965994653103,0.7139253226098887
850.20514,0.6608680765300335,0.7149792882323128
850.2910199999999,0.6606399073536564,0.7162118207733559
850.39551,0.6606489284339565,0.717447547807962
850.5858199999999,0.6606579420286035,0.7184705680243875
850.7018400000001,0.6606669481469107,0.719253340565845
850.7761199999999,0.6607482605477598,0.7200371481150707
850.9664300000001,0.6608295233396,0.7217879440183218
851.11273,0.6609107365678174,0.7224665639193572
851.15668,0.6609218159156771,0.723145879067493
851.34692,0.6609328861630948,0.7250832721379822
851.52356,0.6609439473212785,0.7264277539678181
851.53717,0.6610129684117388,0.7277760762712009
851.7274199999999,0.6610819449720214,0.7283163335179386
851.9176,0.6611508770452065,0.7299886248020776
851.93439,0.6612197646743188,0.7309804214240113
852.10779,0.6614252481691706,0.7319740675697813
852.29797,0.661630684116009,0.7337115352002024
852.34515,0.6618360725313356,0.7344159055270746
852.48816,0.6618467410454715,0.7351210279890201
852.6782800000001,0.6618574008217101,0.7371304437289782
852.75592,0.6618680518707828,0.7376419867421948
852.8684099999999,0.6619835480040315,0.7381538042554744
853.05853,0.6620989862121991,0.7400896596339415
853.16669,0.6622143665388517,0.7403610895962804
853.2486,0.6621986570166779,0.7406324879134144
853.4387199999999,0.6621829615773074,0.7426274168658873
853.57739,0.6621672802018116,0.7442854093668756
853.6287800000001,0.6621058287604599,0.7459494057083755
853.81879,0.6620444408193422,0.7455324592751883
853.9881,0.6619831162800832,0.7469066809780817
854.00885,0.6619256631794512,0.7482848073845423
854.19885,0.6618682686954747,0.7496569546948447
854.38885,0.6618109327384936,0.7502860721694131
854.3987400000001,0.661753655219031,0.7511738567852754
854.5788,0.661851149126108,0.75206299126383
854.7687400000001,0.6619485892990301,0.7538828066286548
854.80939,0.662045975782209,0.7549376420123971
854.95874,0.6618937282212787,0.7559945385570146
855.1486199999999,0.6617416791376644,0.7565258197180593
855.2200300000001,0.6615898281435023,0.7571534637849352
855.3385599999999,0.6615766818855526,0.7577816192950612
855.52844,0.6615635472361191,0.759245018642259
855.6306199999999,0.6615504241798329,0.7605864819773962
855.71832,0.6617340797524749,0.7619315576398944
855.9082,0.6619176825072366,0.7619343532314605
856.0412,0.6621012324668997,0.7630237980889882
856.0980199999999,0.6619214132422687,0.7641154420948917
856.2878400000001,0.6617418428073579,0.7651850749569952
856.4517800000001,0.6615625206462028,0.7660710600507176
856.47766,0.6615526710730396,0.7669583519708331
856.6674800000001,0.6615428300679038,0.7683221551487135
856.85724,0.6615329976196204,0.7693116468795886
856.8623,0.6615231737170337,0.7699742697831884
857.047,0.6613014141468271,0.7706374776905498
857.23676,0.6610799890175599,0.7726084303057131
857.2728300000001,0.6608588975732352,0.7737801295334829
857.42645,0.6609491679061302,0.774954401634693
857.61615,0.661039387254233,0.7748242743777645
857.68329,0.6611295556607256,0.776409558932734
857.80585,0.6613462581127268,0.7780000087180855
857.99554,0.6615629211918945,0.7784118628955196
858.09375,0.661779544908958,0.7796563601024799
858.1851800000001,0.6617707246771086,0.78090379767628
858.3748199999999,0.6617619120501397,0.781801516157616
858.50421,0.6617531070182201,0.7827111923916235
858.56445,0.6617250220453078,0.7836222258911039
858.75409,0.661696962891221,0.7846191345224154
858.9146099999999,0.6616689295203728,0.7851351352835085
858.9436599999999,0.6617265238355733,0.7856513840678017
859.13324,0.6617840801609061,0.7884109320490348
859.32281,0.6618415985339468,0.7892495004594698
859.3250099999999,0.6618990789922213,0.7902838521906055
859.51233,0.6619971507691934,0.7913200541765912
859.7019,0.6620951699697634,0.7923541597516373
859.73541,0.6621931366361988,0.7932426140981946
859.89136,0.662184181064998,0.7941323219356008
860.0808699999999,0.6621752331784534,0.7959172945568519
860.14575,0.6621662929666778,0.79625001901712
860.27032,0.6620463998231667,0.7965827451421384
860.45978,0.6619266495497922,0.7972605227418761
860.55609,0.6618070418913307,0.7984957052269498
860.6492300000001,0.6617940205512427,0.7997336917761124
860.8386800000001,0.6617810105176728,0.8009473376118581
860.9663699999999,0.6617680117759014,0.801617524460835
861.02808,0.6616019642847941,0.8022882772734465
861.2174699999999,0.6614361374803066,0.8042659751307256
861.37665,0.6612705309227731,0.8053696960091093
861.4068599999999,0.6615234836053352,0.806475533530821
861.5961900000001,0.6617764204644333,0.8073265659000229
861.7855199999999,0.6620293415015516,0.8091108812891656
861.7869300000001,0.662282246718175,0.8098693404890122
861.97485,0.6623582620655384,0.8106285947858994
862.1641800000001,0.6624342320860356,0.8115181705696908
862.19714,0.6625101568201969,0.8121247908249465
862.35345,0.6628302571602136,0.8127318171456535
862.5427199999999,0.6631504026454802,0.8147424212315363
862.60736,0.6634705932855472,0.8147481423401989
862.73199,0.6636206350411793,0.814753858815585
862.9212,0.6637706210252841,0.8175052892349025
863.0175199999999,0.6639205512689516,0.8182075461258527
863.11041,0.6643704874283087,0.8189104312111868
863.2996199999999,0.6648206630028662,0.8202528619491054
863.4276699999999,0.6652710781837677,0.8209452670564525
863.4888300000001,0.6654442868593079,0.8216382716227142
863.67798,0.6656174433463358,0.8227049804949751
863.83783,0.6657905476684348,0.8235281270115571
863.8671300000001,0.6661824080589277,0.8243522446520282
864.0562699999999,0.6665744079001756,0.8261430498810899
864.24536,0.6669665472666308,0.8275469949024565
864.2479199999999,0.6673588262327991,0.8279224873452923
864.4345099999999,0.6681359497632134,0.8282980125627805
864.6236,0.66891424647229,0.8311466497477846
864.65802,0.6696937190186563,0.8319497942592973
864.8126199999999,0.670291090212746,0.8327538331710617
865.00171,0.6708890380255235,0.8347429318246247
865.0681199999999,0.6714875632922723,0.8355969996023326
865.19073,0.6721624346840851,0.8364521165165256
865.3797,0.6728381108484558,0.8384115017776306
865.47815,0.6735145932257595,0.8392574765948028
865.5687300000001,0.6741962342182221,0.8401044675307183
865.75769,0.674878698326329,0.8403209947933551
865.88818,0.6755619870419112,0.8410129394139295
865.94666,0.6761324455839951,0.8417054588422811
866.1356199999999,0.676703402164326,0.8434324431061041
866.2981599999999,0.6772748574354066,0.8442020619132143
866.3245199999999,0.6778451667476991,0.8449724579693936
866.5134300000001,0.6784159718486656,0.8460631119049209
866.7023300000001,0.6789872733850955,0.847407587557965
866.7081300000001,0.679559072004903,0.8482225383549385
866.89124,0.6803491782023277,0.8490383935320757
867.0800800000001,0.6811404793429661,0.8503472414800061
867.1181,0.6819329781396883,0.8512346772386616
867.26892,0.6821967201985883,0.8521232442048053
867.45776,0.682460451978553,0.8530073592484965
867.52802,0.6827241734801835,0.8540906853672067
867.64655,0.6836806377421869,0.8551758845183005
867.8353300000001,0.6846390068650685,0.8575115456243141
867.93793,0.6855992865449818,0.8577058292362318
868.02411,0.6858927748418637,0.8579000433890964
868.21283,0.6861862765236233,0.8594246402497544
868.3477800000001,0.6864797915911756,0.8602561275312306
868.40161,0.6869702609793841,0.8610885504788542
868.5903300000001,0.6874610341340944,0.8618162412145404
868.7576300000001,0.6879521113375959,0.8631194198584251
868.77899,0.6880905700926911,0.8644254875602918
868.96771,0.6882289726625272,0.8653029829831536
869.1563699999999,0.6883673190812969,0.8670072961957288
869.1674800000001,0.6885056093831644,0.8676595269804577
869.3450300000001,0.688707219107066,0.8683122123283862
869.5336300000001,0.6889087841748873,0.8707623476547651
869.5772699999999,0.6891103046014637,0.8712327147521632
869.72229,0.6893185148995536,0.8717032105792677
869.91089,0.6895266831619397,0.8725668713173769
869.9870599999999,0.689734809401351,0.8729021092563017
870.0994300000001,0.6896487658715025,0.8732373347178078
870.28802,0.6895628130163077,0.8757097140084824
870.39679,0.6894769506925099,0.8765152038501962
870.47656,0.6894449408392525,0.8773215274455708
870.6651,0.6894129596803973,0.8790155544174694
870.80652,0.689381007177378,0.8793875780146441
870.8535800000001,0.6893759276260222,0.8797596175162525
871.04205,0.6893708522268884,0.88137277435547
871.21625,0.6893657809748871,0.8822718571818806
871.23053,0.6894093138564341,0.8831720528359186
871.41901,0.6894528173271599,0.8843934255579279
871.6074199999999,0.68949629141686,0.8858787789271724
871.62592,0.6895397361552882,0.8859851603834538
871.7959,0.6894520355664026,0.8860914821725481
871.98425,0.6893644274584629,0.8887024344446286
872.0355800000001,0.6892769116852635,0.8892531138138338
872.1726699999999,0.6890581223065257,0.8898040347870904
872.3610199999999,0.688839646537481,0.8930709192466514
872.44525,0.688621483704327,0.8932216948861732
872.54938,0.6885745558972917,0.8933724009331817
872.73773,0.688527671952543,0.8960535483396891
872.8548599999999,0.6884808318086149,0.8964270901800131
872.9260300000001,0.6884672884819281,0.8968006451623262
873.1143199999999,0.6884537564895543,0.898364334903008
873.26447,0.6884402358172707,0.8985278042043064
873.30261,0.6883735929261958,0.898691202657247
873.49091,0.6883070160116066,0.9006692843974979
873.67401,0.6882405049755764,0.9017891045434967
873.6791400000001,0.6880171996021018,0.9029108180257942
873.8673699999999,0.6877942165981572,0.9043345845019055
874.0555400000001,0.6875715552661745,0.9060110363952015
874.0835599999999,0.6873492149105965,0.90679395405056
874.2437699999999,0.6873208125321074,0.9075776021371754
874.43195,0.687292435061686,0.9086347675218365
874.4930400000001,0.6872640824665809,0.9099508691789964
874.62006,0.6871214955762629,0.9112697396814456
874.8082300000001,0.6869790809088422,0.9129076573179904
874.90259,0.6868368381524788,0.9142153340641361
874.99634,0.68660054162718,0.9155257212332044
875.18445,0.6863645947164873,0.9160747634358753
875.31201,0.6861289966450611,0.9167146652560675
875.3725599999999,0.6859352428926585,0.9173549538672982
875.56061,0.6857417517819709,0.9193347548765421
875.7215,0.6855485227793263,0.9199796919907496
875.74866,0.6855695977400396,0.9206250234174229
875.93671,0.6855906573318676,0.9232622930660062
876.12469,0.6856117015716158,0.9232857153038792
876.13092,0.685632730476065,0.9244887151524647
876.3126800000001,0.6854921903009475,0.9256939002415642
876.5006699999999,0.6853518186055603,0.926930775583454
876.54028,0.6852116150871246,0.9279476368664187
876.6886599999999,0.6850346904731685,0.9289659268992425
876.8765900000001,0.684857996594411,0.9297497210179863
876.94965,0.684681532999778,0.9315109087897457
877.0645099999999,0.684951355166017,0.9332773860461046
877.2524400000001,0.6852211773322564,0.9344141881632102
877.35901,0.6854909994984956,0.9354030461338569
877.44031,0.685650205635204,0.9363932186354494
877.62817,0.6858093604189917,0.9363832651701259
877.7683099999999,0.685968463874701,0.9373887193422911
877.81604,0.686099319511053,0.9383955422387011
878.00385,0.6862301222101018,0.9400098780704241
878.17761,0.6863608720039649,0.9409271457729268
878.19171,0.6866971239967439,0.9418454831409725
878.37952,0.687033441347102,0.9436190538264356
878.5672599999999,0.6873698240740969,0.9453316295984129
878.58691,0.6877062721967929,0.9460991119948556
878.7550699999999,0.688062906870157,0.9468672385361193
878.94281,0.6884196317554134,0.9468821769348864
878.99615,0.6887764468867953,0.9489386107685915
879.13049,0.6889524985634473,0.9510023757933436
879.3182400000001,0.6891285023742584,0.9525011819051219
879.4054,0.6893044583387469,0.9531439663500363
879.50592,0.6897048939801812,0.9537871152530671
879.6936,0.6901054815737427,0.9541519736592853
879.8145800000001,0.6905062212059385,0.9551499929302273
879.8812300000001,0.6908044034671719,0.9561493202027108
880.06891,0.6911026102509814,0.9598112399037924
880.22375,0.6914008415603917,0.9604935625456084
880.2565300000001,0.6917953864681352,0.9611763225265956
880.4440900000001,0.6921900737026917,0.963622820035928
880.63171,0.6925849033410891,0.9639465156004235
880.6329300000001,0.6929798754604104,0.9649612402491793
880.81927,0.6932169664569062,0.9659773105755275
881.00677,0.6934540349402037,0.9682603389390816
881.04205,0.6936910809135088,0.9688610836731595
881.19434,0.6941258197157744,0.9694621060386768
881.38184,0.6945607650114338,0.9709638372272826
881.45111,0.6949959169476435,0.9723119736954675
881.56934,0.6956318215142845,0.9736628069458527
881.75684,0.6962683954668873,0.9749842258677427
881.8602300000001,0.6969056398629543,0.9763152046196661
881.94427,0.6971939209617259,0.9776487848569735
882.13171,0.6974822166934986,0.9787108251299671
882.2692900000001,0.697770527059387,0.9793366537101174
882.31915,0.6981651729792443,0.9799627970056287
882.5065300000001,0.6985599591766809,0.9809346453455025
882.6782800000001,0.6989548857265031,0.9825578500231317
882.69391,0.6993838139111458,0.9841851722888071
882.88129,0.6998129362003549,0.9863347519944602
883.0686,0.7002422527259184,0.9876548856664144
883.0872800000001,0.7006717636197444,0.988424161253652
883.25598,0.7011254206608024,0.9891940399150295
883.4433,0.7015793142016358,0.9906052417693295
883.4962800000001,0.7020334444272296,0.9919863114670738
883.63055,0.7025079200112644,0.9933701662985984
883.81781,0.7029826703272035,0.9954406165810508
883.90521,0.7034576956137296,0.9966417809959398
884.0050699999999,0.7039935034125488,0.9978449177259944
884.1923199999999,0.7045297139255445,0.9986310268286598
884.31415,0.7050663276069083,0.9997935569686622
884.37958,0.7055831057224805,1.0009578979930722
884.5667699999999,0.706100243009223,1.002103575818233
884.7230800000001,0.7066177398417125,1.003574972949423
884.75397,0.7070233767489724,1.005049559879841
884.9411,0.7074291670161217,1.0077418689777289
885.12823,0.7078351107301484,1.008916481664462
885.1319599999999,0.708241207978106,1.0102872749537828
885.3153699999999,0.708891295651206,1.0116607405119165
885.5025,0.7095420770724138,1.0129012433855407
885.54083,0.7101935533528337,1.0140602089492992
885.6895800000001,0.7105979847733717,1.0152209370580572
885.87665,0.7110025662242737,1.01702537390156
885.94965,0.7114072977890398,1.0183577997893856
886.0637199999999,0.7119602289044512,1.0196926959195884
886.2507300000001,0.7125135954363234,1.0211373554630072
886.3584599999999,0.7130673978991746,1.022515320250857
886.4377400000001,0.7137153821612247,1.0238959494545872
886.6247599999999,0.7143640477641581,1.0250875438496763
886.76721,0.7150133957831627,1.026040239140773
886.8117699999999,0.7153512212776866,1.026993976105322
886.9987199999999,0.7156891074616315,1.0289765644973374
887.1759599999999,0.7160270543513529,1.0299247097026505
887.18567,0.7165748617364739,1.0308738773831614
887.3725599999999,0.7171230886102905,1.033518346414863
887.5595099999999,0.7176717354548281,1.0361123818009288
887.58472,0.7182208027528513,1.0366816047025145
887.7464,0.7188136142046554,1.0372510184069763
887.9332300000001,0.7194069518526212,1.0401339413721837
887.9934099999999,0.7200008163976594,1.0411536910881736
888.1201199999999,0.7206462417040707,1.0421746629159958
888.30695,0.7212923322195209,1.042794136006191
888.4021,0.7219390889729392,1.0444511374659629
888.49371,0.7224001851135571,1.0461121459732146
888.6805400000001,0.7228615191142115,1.0477787556950038
888.81079,0.7233230911590027,1.0489934007748707
888.86731,0.7239997637989388,1.0502099385794499
889.0540800000001,0.7246771879599562,1.0517176195616191
889.2194199999999,0.725355364894723,1.0531073805483415
889.2407800000001,0.7259510001994005,1.0544997596831454
889.42755,0.7265471612447589,1.0568270949034124
889.61426,0.7271438487271774,1.0600845786230375
889.6279900000001,0.7277410633442655,1.0607627456065012
889.8009,0.7283281951074467,1.0614412655997973
889.98761,0.7289158288925596,1.0632710736247981
890.03662,0.7295039653437534,1.06442353903194
890.17426,0.7300665729684275,1.065577629686005
890.36084,0.7306296220929418,1.0673201935380603
890.4451300000001,0.7311931132371927,1.0686011566418052
890.54749,0.7319019351972196,1.069884225554355
890.73407,0.7326115951334379,1.072015158013551
890.8537,0.7333220945327223,1.0732070119221273
890.92065,0.7340382085898933,1.074400615257757
891.1071800000001,0.7347551800789429,1.0750541731681587
891.26221,0.7354730105407496,1.0764736277938622
891.2937,0.7360328567197114,1.077895760017724
891.4802199999999,0.7365931324572681,1.079827798824577
891.66675,0.7371538382479964,1.0831257067005828
891.67065,0.7377149745872335,1.0846015738136348
891.85321,0.7386192591004176,1.086080351510647
892.0396699999999,0.7395250794379455,1.0868934437867648
892.0791,0.7404324395157774,1.0881707113709562
892.22614,0.74085415130234,1.0894500194579453
892.41254,0.741276025818806,1.0911327856090443
892.48755,0.7416980631593847,1.0931066845240227
892.5989400000001,0.7425769692556312,1.0950862456162165
892.78534,0.7434572977629863,1.0965362396925267
892.8960000000001,0.7443390521372656,1.0979530102447197
892.9716800000001,0.7449704476266806,1.0993723782243416
893.15802,0.745602439892346,1.1002354392329863
893.30432,0.7462350297807446,1.1018707142526494
893.3443599999999,0.7470154524687913,1.1035096250489136
893.5307,0.7477969220324661,1.105606232918315
893.71271,0.748579440579635,1.1066334298761031
893.71698,0.7491576834974677,1.107661765297081
893.9032599999999,0.7497363862154208,1.1098749505582948
894.0894800000001,0.75031554928214,1.1123546138538765
894.12103,0.7508951732471435,1.114303603293015
894.27576,0.7517410406206306,1.116257968261045
894.46198,0.7525881809322268,1.1174947355208769
894.52936,0.7534365970575453,1.119434609855572
894.64813,0.7541591679184807,1.121379773152055
894.83435,0.7548825845621914,1.1225106335292374
894.9376199999999,0.7556068484745543,1.1235323701136182
895.02051,0.7563720237529474,1.1245552034170712
895.2066,0.75713817746773,1.1267462581916228
895.34589,0.7579053114968047,1.128821955569216
895.39276,0.7586633619029902,1.1309037580559482
895.57886,0.7594223633442159,1.1336327298777595
895.75409,0.7601823176113299,1.1335607208788223
895.76495,0.7609621925184753,1.1334887746645919
895.95099,0.761743086636028,1.1371687852410033
896.1370199999999,0.762525001963288,1.1390296416783912
896.16229,0.7633079405047875,1.1401410289127525
896.3230599999999,0.7638885396855415,1.1412537579109097
896.50909,0.7644695900533446,1.145130826119226
896.5705,0.7650510921343313,1.1457964583385616
896.6950699999999,0.765966914522605,1.1464623693585296
896.88104,0.7668842494355742,1.149848401339012
896.97864,0.7678031006233467,1.1507661307363957
897.06702,0.7687954704074522,1.1516846434274361
897.2529300000001,0.7697896695781297,1.1549798117914212
897.38678,0.7707857031986273,1.1563452347805234
897.43884,0.7717850001742446,1.1577128740631655
897.79486,0.7727861481117381,
898.20294,0.7741555791160047,
898.6110199999999,0.7760908959108418,
899.01904,0.7787712447008922,
899.427,0.7812687311763641,
899.8350199999999,0.7828999128691195,
900.0,0.7841163053180843,
900.2429800000001,0.7859160226584647,
900.65088,0.7886450082710471,
901.0587800000001,0.7912075550657074,
901.4666699999999,0.7944334432217032,
901.87451,0.7975888532295905,
902.28235,0.7995770962309358,
902.69012,0.8028547546705257,
903.0979,0.8058673781398594,
903.5056199999999,0.8087393299240299,
903.9133300000001,0.8113959131724139,
904.32104,0.8148473426165967,
904.7287,0.818772048510671,
905.13635,0.8220038423762376,
905.54395,0.8250047529061747,
905.95154,0.8285028040991345,
906.35913,0.8322848363801479,
906.76666,0.8349909307513774,
907.1741300000001,0.8394032221287844,
907.5816699999999,0.841733055037831,
907.98914,0.8461415441542826,
908.39655,0.8500850148584952,
908.80396,0.8536596954877259,
909.2113,0.8573657849722133,
909.61871,0.860892307534897,
910.0260000000001,0.8644544380245159,
910.43329,0.8685911483681704,
910.84058,0.87295484701571,
911.24786,0.8763348442788238,
911.6550900000001,0.8796274949585745,
912.0622599999999,0.8844051471530546,
912.4694199999999,0.8885590058601549,
912.8765900000001,0.8919520097815751,
913.2836900000001,0.8960380328066997,
913.6908,0.9002208483897792,
914.09784,0.9043007373945147,
914.5048800000001,0.9094813774618595,
914.9119300000001,0.913264135310869,
915.31891,0.9164798624125878,
915.7258300000001,0.921228035330425,
916.13281,0.9253634669914007,
916.5396699999999,0.9302307207348794,
916.94659,0.9352411197336198,
917.35345,0.9391090413158885,
917.76025,0.9438472794273589,
918.16705,0.9478682886517226,
918.57385,0.9533332940960775,
918.98059,0.9571257438882761,
919.38733,0.9624020218471669,
919.79401,0.9665775515449136,
920.20068,0.9717569522836923,
920.6073,0.9763518085908585,
921.0139199999999,0.9814363014663567,
921.4205300000001,0.9859300135493592,
921.82709,0.9913747788833239,
922.2335800000001,0.9949039891462249,
922.6401400000001,1.0008442242806463,
923.04657,1.005573874471189,
923.4530599999999,1.0104407253871452,
923.8595,1.016300608979237,
924.26587,1.0201540369050648,
924.67224,1.0267976706367836,
925.0786099999999,1.0310106743447378,
925.4849199999999,1.0372831898642878,
925.89124,1.0432808110982383,
926.29749,1.0472268096123607,
926.70374,1.0535887461241913,
927.1099199999999,1.0586919292931765,
927.5161099999999,1.0649863218984525,
927.92224,1.0708674370056983,
928.32837,1.076719009094434,
928.7345,1.0828049539987923,
929.1405599999999,1.0886561283484115,
929.54663,1.0945096759930266,
929.9526400000001,1.0999022894077184,
930.35864,1.1063178186478992,
930.76459,1.1113816868023765,
931.1705300000001,1.1174368054507633,
931.5764199999999,1.124801172708508,
931.9823,1.128704352310408,
932.38818,1.1355502192427982,
932.79401,1.1418832478975387,
933.19983,1.146590199726164,
933.60559,1.1512254210690847,
934.01135,1.159189873736577,
934.41705,1.165099255192719,
934.82275,1.1713534372743903,
935.22839,1.1777445174032581,
935.63403,1.184347130338221,
936.0396699999999,1.1892687291918829,
936.44525,1.1951107139443942,
936.8507699999999,1.201680343669343,
937.25629,1.2069427329844602,
937.6618,1.2139095287774513,
938.0672599999999,1.2217581076853945,
938.47272,1.2276892983412928,
938.87811,1.234520118561071,
939.28351,1.2415872001131938,
939.6889,1.2491329380343983,
940.09424,1.2567148796044665,
940.49951,1.2614762374406272,
940.90479,1.2690040685897808,
941.3100599999999,1.2767498263974888,
941.7152699999999,1.2829977039636273,
942.12048,1.28845187063315,
942.5256300000001,1.2960845695875758,
942.93073,1.3035199007918317,
943.3358800000001,1.3105885978628202,
943.74097,1.3174257939139518,
944.1460000000001,1.3252046445400019,
944.5510300000001,1.3333321834469014,
944.95599,1.340069876916824,
945.36096,1.3485748975365408,
945.76593,1.3546877420130965,
946.17084,1.3621858951754713,
946.57574,1.370311041182751,
946.98059,1.3775503288900015,
947.38538,1.385136906709678,
947.79022,1.3920298754108995,
948.19495,1.400380252356302,
948.59973,1.4075653025621426,
949.0043900000001,1.4173830847296434,
949.4091199999999,1.4245778432470952,
949.8137800000001,1.4341934497192073,
950.0,1.4388662148106597,
950.21838,1.4432738412655868,
950.6229900000001,1.4499659304126744,
951.02759,1.458359948452332,
951.43213,1.466411944362041,
951.83661,1.4746372594244503,
952.24109,1.4835207301869167,
952.6455699999999,1.4908660166764287,
953.0499900000001,1.4998839982692025,
953.4544099999999,1.5077293345461613,
953.85876,1.51563447144824,
954.26312,1.5254046769185072,
954.6674199999999,1.5338539717257837,
955.0717199999999,1.5412649115034482,
955.47595,1.551064498576505,
955.8801900000001,1.5603300958597432,
956.28442,1.567042771915778,
956.6886,1.576403629881161,
957.09271,1.583642440038669,
957.49683,1.5939108148538208,
957.90094,1.60485950760727,
958.3049900000001,1.6121446640362282,
958.7089800000001,1.621034187126123,
959.1129800000001,1.6311731691300315,
959.5169699999999,1.6387131155710295,
959.9209,1.6491247896508412,
960.32483,1.6598602926907327,
960.7287,1.670404209929213,
961.1325699999999,1.6792945866377125,
961.5363800000001,1.6879828142186022,
961.94019,1.6986381477486054,
962.3439300000001,1.7072295687931915,
962.7476800000001,1.7190572602194893,
963.1513699999999,1.7278244895166552,
963.55505,1.739080118660413,
963.95874,1.7493583454694623,
964.3623,1.7581911176766973,
964.76593,1.7692124165369043,
965.16949,1.7809543937673127,
965.573,1.7906622019940686,
965.9765,1.8004471847860182,
966.38,1.8113710870921889,
966.78345,1.8260702014045633,
967.1868300000001,1.833693432825376,
967.59021,1.8454297752203006,
967.99359,1.8560237232062409,
968.3969099999999,1.8695668142717277,
968.80023,1.879524599461077,
969.20349,1.8925654597726713,
969.60675,1.9039224253500286,
970.00995,1.915221598631697,
970.41315,1.9263038430976673,
970.8162800000001,1.9405680174819253,
971.2193599999999,1.9514875159972613,
971.6225,1.9640661937285275,
972.0255099999999,1.9776676847724046,
972.42859,1.9895412755417539,
972.8316,2.0003349345635453,
973.23456,2.015002921135513,
973.6375099999999,2.0281102303068654,
974.04041,2.041524128747604,
974.4433,2.0517365490289534,
974.8461300000001,2.067709945599028,
975.24896,2.081290918246622,
975.65173,2.0931921857896296,
976.0545,2.1072933460248553,
976.4572800000001,2.1210996169712732,
976.85999,2.1350275773837404,
977.2626300000001,2.1498010290265475,
977.66528,2.1664680302758206,
978.06787,2.1775141382783603,
978.47046,2.1915413310389966,
978.87305,2.2056293064071597,
979.2755699999999,2.2228360689493236,
979.67804,2.236090264648768,
980.08051,2.24972422987024,
980.4829699999999,2.268094019281172,
980.88538,2.284552097862089,
981.2877199999999,2.2959863273598957,
981.69006,2.311045597779762,
982.09241,2.3248143142739943,
982.49469,2.3402523160162314,
982.8969099999999,2.356464446420832,
983.2991300000001,2.371240919480841,
983.70135,2.3853633515395165,
984.1035199999999,2.401865486263934,
984.5056199999999,2.4207816360340617,
984.90771,2.434956329479797,
985.30981,2.4526777152168306,
985.71185,2.4710896294132763,
986.1138300000001,2.485342418219424,
986.51581,2.5058060128422364,
986.9177900000001,2.523239004869038,
987.3197,2.5390538323000724,
987.72156,2.5573771142276227,
988.1234699999999,2.5738572723569675,
988.52527,2.594323763120317,
988.92706,2.614026995936254,
989.32886,2.6306017598015434,
989.73059,2.6506937803693402,
990.13226,2.6680639988433215,
990.53394,2.691645870095548,
990.93561,2.7090204224114287,
991.3372199999999,2.729612746499853,
991.7387699999999,2.7515470112635416,
992.14032,2.769192514384687,
992.5418699999999,2.790983925850308,
992.94336,2.81451812511841,
993.34479,2.8295399329374287,
993.7462199999999,2.8540374155300228,
994.14764,2.8798350080713337,
994.54901,2.8994936103919478,
994.9503199999999,2.9252141225241304,
995.3516199999999,2.9420578203400445,
995.7529300000001,2.967566294257581,
996.1541699999999,2.985248995279132,
996.55536,3.009383251093095,
996.95654,3.038261563300049,
997.3576699999999,3.0591362077941966,
997.7587900000001,3.081183188479384,
998.15991,3.1050400196930044,
998.5609699999999,3.1315591975028916,
998.96198,3.153524608446716,
999.3629800000001,3.180955292563821,
999.7639199999999,3.202921936190101,
1000.0,3.2176140238833035,
1000.1649,3.2392571703339743,
1000.5657,3.2690564077051065,
1000.9666,3.3047129887506346,
1001.3675,3.34405860873906,
1001.7682,3.3729822644555547,
1002.1691,3.40686617056554,
1002.5698,3.4377143335035614,
1002.9705,3.4792458759112037,
1003.3712,3.515969072284336,
1003.7719,3.5511063539485885,
1004.1724,3.58831564760387,
1004.5731,3.6221051995369744,
1004.9736,3.664604071316778,
1005.3741,3.6940323086560616,
1005.7746,3.7360550313516003,
1006.175,3.7838280065848773,
1006.5755,3.815529207141412,
1006.9759,3.85456268956895,
1007.3762,3.893122704456139,
1007.7766,3.9309688090518136,
1008.1769,3.9661443266890264,
1008.5771,4.009523957385721,
1050.0,,
1100.0,,
